ip_address,status,mqtt
27.50.16.0,,gagal
27.50.16.1,,gagal
27.50.16.2,,gagal
27.50.16.3,,gagal
27.50.16.4,,gagal
27.50.16.5,,gagal
27.50.16.6,,gagal
27.50.16.7,,gagal
27.50.16.8,,gagal
27.50.16.9,,gagal
27.50.16.10,,gagal
27.50.16.11,,gagal
27.50.16.12,,gagal
27.50.16.13,,gagal
27.50.16.14,,gagal
27.50.16.15,,gagal
27.50.16.16,,gagal
27.50.16.17,,gagal
27.50.16.18,,gagal
27.50.16.19,,gagal
27.50.16.20,,gagal
27.50.16.21,,gagal
27.50.16.22,,gagal
27.50.16.23,,gagal
27.50.16.24,,gagal
27.50.16.25,,gagal
27.50.16.26,,gagal
27.50.16.27,,gagal
27.50.16.28,,gagal
27.50.16.29,,gagal
27.50.16.30,,gagal
27.50.16.31,,gagal
27.50.16.32,,gagal
27.50.16.33,,gagal
27.50.16.34,,gagal
27.50.16.35,,gagal
27.50.16.36,,gagal
27.50.16.37,,gagal
27.50.16.38,,gagal
27.50.16.39,,gagal
27.50.16.40,,gagal
27.50.16.41,,gagal
27.50.16.42,,gagal
27.50.16.43,,gagal
27.50.16.44,,gagal
27.50.16.45,,gagal
27.50.16.46,,gagal
27.50.16.47,,gagal
27.50.16.48,,gagal
27.50.16.49,,gagal
27.50.16.50,,gagal
27.50.16.51,,gagal
27.50.16.52,,gagal
27.50.16.53,,gagal
27.50.16.54,,gagal
27.50.16.55,,gagal
27.50.16.56,,gagal
27.50.16.57,,gagal
27.50.16.58,,gagal
27.50.16.59,,gagal
27.50.16.60,,gagal
27.50.16.61,,gagal
27.50.16.62,,gagal
27.50.16.63,,gagal
27.50.16.64,,gagal
27.50.16.65,,gagal
27.50.16.66,,gagal
27.50.16.67,,gagal
27.50.16.68,,gagal
27.50.16.69,,gagal
27.50.16.70,,gagal
27.50.16.71,,gagal
27.50.16.72,,gagal
27.50.16.73,,gagal
27.50.16.74,,gagal
27.50.16.75,,gagal
27.50.16.76,,gagal
27.50.16.77,,gagal
27.50.16.78,,gagal
27.50.16.79,,gagal
27.50.16.80,,gagal
27.50.16.81,,gagal
27.50.16.82,,gagal
27.50.16.83,,gagal
27.50.16.84,,gagal
27.50.16.85,,gagal
27.50.16.86,,gagal
27.50.16.87,,gagal
27.50.16.88,,gagal
27.50.16.89,,gagal
27.50.16.90,,gagal
27.50.16.91,,gagal
27.50.16.92,,gagal
27.50.16.93,,gagal
27.50.16.94,,gagal
27.50.16.95,,gagal
27.50.16.96,,gagal
27.50.16.97,,gagal
27.50.16.98,,gagal
27.50.16.99,,gagal
27.50.16.100,,gagal
27.50.16.101,,gagal
27.50.16.102,,gagal
27.50.16.103,,gagal
27.50.16.104,,gagal
27.50.16.105,,gagal
27.50.16.106,,gagal
27.50.16.107,,gagal
27.50.16.108,,gagal
27.50.16.109,,gagal
27.50.16.110,,gagal
27.50.16.111,,gagal
27.50.16.112,,gagal
27.50.16.113,,gagal
27.50.16.114,,gagal
27.50.16.115,,gagal
27.50.16.116,,gagal
27.50.16.117,,gagal
27.50.16.118,,gagal
27.50.16.119,,gagal
27.50.16.120,,gagal
27.50.16.121,,gagal
27.50.16.122,,gagal
27.50.16.123,,gagal
27.50.16.124,,gagal
27.50.16.125,,gagal
27.50.16.126,,gagal
27.50.16.127,,gagal
27.50.16.128,,gagal
27.50.16.129,,gagal
27.50.16.130,,gagal
27.50.16.131,,gagal
27.50.16.132,,gagal
27.50.16.133,,gagal
27.50.16.134,,gagal
27.50.16.135,,gagal
27.50.16.136,,gagal
27.50.16.137,,gagal
27.50.16.138,,gagal
27.50.16.139,,gagal
27.50.16.140,,gagal
27.50.16.141,,gagal
27.50.16.142,,gagal
27.50.16.143,,gagal
27.50.16.144,,gagal
27.50.16.145,,gagal
27.50.16.146,,gagal
27.50.16.147,,gagal
27.50.16.148,,gagal
27.50.16.149,,gagal
27.50.16.150,,gagal
27.50.16.151,,gagal
27.50.16.152,,gagal
27.50.16.153,,gagal
27.50.16.154,,gagal
27.50.16.155,,gagal
27.50.16.156,,gagal
27.50.16.157,,gagal
27.50.16.158,,gagal
27.50.16.159,,gagal
27.50.16.160,,gagal
27.50.16.161,,gagal
27.50.16.162,,gagal
27.50.16.163,,gagal
27.50.16.164,,gagal
27.50.16.165,,gagal
27.50.16.166,,gagal
27.50.16.167,,gagal
27.50.16.168,,gagal
27.50.16.169,,gagal
27.50.16.170,,gagal
27.50.16.171,,gagal
27.50.16.172,,gagal
27.50.16.173,,gagal
27.50.16.174,,gagal
27.50.16.175,,gagal
27.50.16.176,,gagal
27.50.16.177,,gagal
27.50.16.178,,gagal
27.50.16.179,,gagal
27.50.16.180,,gagal
27.50.16.181,,gagal
27.50.16.182,,gagal
27.50.16.183,,gagal
27.50.16.184,,gagal
27.50.16.185,,gagal
27.50.16.186,,gagal
27.50.16.187,,gagal
27.50.16.188,,gagal
27.50.16.189,,gagal
27.50.16.190,,gagal
27.50.16.191,,gagal
27.50.16.192,,gagal
27.50.16.193,,gagal
27.50.16.194,,gagal
27.50.16.195,,gagal
27.50.16.196,,gagal
27.50.16.197,,gagal
27.50.16.198,,gagal
27.50.16.199,,gagal
27.50.16.200,,gagal
27.50.16.201,,gagal
27.50.16.202,,gagal
27.50.16.203,,gagal
27.50.16.204,,gagal
27.50.16.205,,gagal
27.50.16.206,,gagal
27.50.16.207,,gagal
27.50.16.208,,gagal
27.50.16.209,,gagal
27.50.16.210,,gagal
27.50.16.211,,gagal
27.50.16.212,,gagal
27.50.16.213,,gagal
27.50.16.214,,gagal
27.50.16.215,,gagal
27.50.16.216,,gagal
27.50.16.217,,gagal
27.50.16.218,,gagal
27.50.16.219,,gagal
27.50.16.220,,gagal
27.50.16.221,,gagal
27.50.16.222,,gagal
27.50.16.223,,gagal
27.50.16.224,,gagal
27.50.16.225,,gagal
27.50.16.226,,gagal
27.50.16.227,,gagal
27.50.16.228,,gagal
27.50.16.229,,gagal
27.50.16.230,,gagal
27.50.16.231,,gagal
27.50.16.232,,gagal
27.50.16.233,,gagal
27.50.16.234,,gagal
27.50.16.235,,gagal
27.50.16.236,,gagal
27.50.16.237,,gagal
27.50.16.238,,gagal
27.50.16.239,,gagal
27.50.16.240,,gagal
27.50.16.241,,gagal
27.50.16.242,,gagal
27.50.16.243,,gagal
27.50.16.244,,gagal
27.50.16.245,,gagal
27.50.16.246,,gagal
27.50.16.247,,gagal
27.50.16.248,,gagal
27.50.16.249,,gagal
27.50.16.250,,gagal
27.50.16.251,,gagal
27.50.16.252,,gagal
27.50.16.253,,gagal
27.50.16.254,,gagal
27.50.16.255,,gagal
27.50.17.0,,gagal
27.50.17.1,,gagal
27.50.17.2,,gagal
27.50.17.3,,gagal
27.50.17.4,,gagal
27.50.17.5,,gagal
27.50.17.6,,gagal
27.50.17.7,,gagal
27.50.17.8,,gagal
27.50.17.9,,gagal
27.50.17.10,,gagal
27.50.17.11,,gagal
27.50.17.12,,gagal
27.50.17.13,,gagal
27.50.17.14,,gagal
27.50.17.15,,gagal
27.50.17.16,,gagal
27.50.17.17,,gagal
27.50.17.18,,gagal
27.50.17.19,,gagal
27.50.17.20,,gagal
27.50.17.21,,gagal
27.50.17.22,,gagal
27.50.17.23,,gagal
27.50.17.24,,gagal
27.50.17.25,,gagal
27.50.17.26,,gagal
27.50.17.27,,gagal
27.50.17.28,,gagal
27.50.17.29,,gagal
27.50.17.30,,gagal
27.50.17.31,,gagal
27.50.17.32,,gagal
27.50.17.33,,gagal
27.50.17.34,,gagal
27.50.17.35,,gagal
27.50.17.36,,gagal
27.50.17.37,,gagal
27.50.17.38,,gagal
27.50.17.39,,gagal
27.50.17.40,,gagal
27.50.17.41,,gagal
27.50.17.42,,gagal
27.50.17.43,,gagal
27.50.17.44,,gagal
27.50.17.45,,gagal
27.50.17.46,,gagal
27.50.17.47,,gagal
27.50.17.48,,gagal
27.50.17.49,,gagal
27.50.17.50,,gagal
27.50.17.51,,gagal
27.50.17.52,,gagal
27.50.17.53,,gagal
27.50.17.54,,gagal
27.50.17.55,,gagal
27.50.17.56,,gagal
27.50.17.57,,gagal
27.50.17.58,,gagal
27.50.17.59,,gagal
27.50.17.60,,gagal
27.50.17.61,,gagal
27.50.17.62,,gagal
27.50.17.63,,gagal
27.50.17.64,,gagal
27.50.17.65,,gagal
27.50.17.66,,gagal
27.50.17.67,,gagal
27.50.17.68,,gagal
27.50.17.69,,gagal
27.50.17.70,,gagal
27.50.17.71,,gagal
27.50.17.72,,gagal
27.50.17.73,,gagal
27.50.17.74,,gagal
27.50.17.75,,gagal
27.50.17.76,,gagal
27.50.17.77,,gagal
27.50.17.78,,gagal
27.50.17.79,,gagal
27.50.17.80,,gagal
27.50.17.81,,gagal
27.50.17.82,,gagal
27.50.17.83,,gagal
27.50.17.84,,gagal
27.50.17.85,,gagal
27.50.17.86,,gagal
27.50.17.87,,gagal
27.50.17.88,,gagal
27.50.17.89,,gagal
27.50.17.90,,gagal
27.50.17.91,,gagal
27.50.17.92,,gagal
27.50.17.93,,gagal
27.50.17.94,,gagal
27.50.17.95,,gagal
27.50.17.96,,gagal
27.50.17.97,,gagal
27.50.17.98,,gagal
27.50.17.99,,gagal
27.50.17.100,,gagal
27.50.17.101,,gagal
27.50.17.102,,gagal
27.50.17.103,,gagal
27.50.17.104,,gagal
27.50.17.105,,gagal
27.50.17.106,,gagal
27.50.17.107,,gagal
27.50.17.108,,gagal
27.50.17.109,,gagal
27.50.17.110,,gagal
27.50.17.111,,gagal
27.50.17.112,,gagal
27.50.17.113,,gagal
27.50.17.114,,gagal
27.50.17.115,,gagal
27.50.17.116,,gagal
27.50.17.117,,gagal
27.50.17.118,,gagal
27.50.17.119,,gagal
27.50.17.120,,gagal
27.50.17.121,,gagal
27.50.17.122,,gagal
27.50.17.123,,gagal
27.50.17.124,,gagal
27.50.17.125,,gagal
27.50.17.126,,gagal
27.50.17.127,,gagal
27.50.17.128,,gagal
27.50.17.129,,gagal
27.50.17.130,,gagal
27.50.17.131,,gagal
27.50.17.132,,gagal
27.50.17.133,,gagal
27.50.17.134,,gagal
27.50.17.135,,gagal
27.50.17.136,,gagal
27.50.17.137,,gagal
27.50.17.138,,gagal
27.50.17.139,,gagal
27.50.17.140,,gagal
27.50.17.141,,gagal
27.50.17.142,,gagal
27.50.17.143,,gagal
27.50.17.144,,gagal
27.50.17.145,,gagal
27.50.17.146,,gagal
27.50.17.147,,gagal
27.50.17.148,,gagal
27.50.17.149,,gagal
27.50.17.150,,gagal
27.50.17.151,,gagal
27.50.17.152,,gagal
27.50.17.153,,gagal
27.50.17.154,,gagal
27.50.17.155,,gagal
27.50.17.156,,gagal
27.50.17.157,,gagal
27.50.17.158,,gagal
27.50.17.159,,gagal
27.50.17.160,,gagal
27.50.17.161,,gagal
27.50.17.162,,gagal
27.50.17.163,,gagal
27.50.17.164,,gagal
27.50.17.165,,gagal
27.50.17.166,,gagal
27.50.17.167,,gagal
27.50.17.168,,gagal
27.50.17.169,,gagal
27.50.17.170,,gagal
27.50.17.171,,gagal
27.50.17.172,,gagal
27.50.17.173,,gagal
27.50.17.174,,gagal
27.50.17.175,,gagal
27.50.17.176,,gagal
27.50.17.177,,gagal
27.50.17.178,,gagal
27.50.17.179,,gagal
27.50.17.180,,gagal
27.50.17.181,,gagal
27.50.17.182,,gagal
27.50.17.183,,gagal
27.50.17.184,,gagal
27.50.17.185,,gagal
27.50.17.186,,gagal
27.50.17.187,,gagal
27.50.17.188,,gagal
27.50.17.189,,gagal
27.50.17.190,,gagal
27.50.17.191,,gagal
27.50.17.192,,gagal
27.50.17.193,,gagal
27.50.17.194,,gagal
27.50.17.195,,gagal
27.50.17.196,,gagal
27.50.17.197,,gagal
27.50.17.198,,gagal
27.50.17.199,,gagal
27.50.17.200,,gagal
27.50.17.201,,gagal
27.50.17.202,,gagal
27.50.17.203,,gagal
27.50.17.204,,gagal
27.50.17.205,,gagal
27.50.17.206,,gagal
27.50.17.207,,gagal
27.50.17.208,,gagal
27.50.17.209,,gagal
27.50.17.210,,gagal
27.50.17.211,,gagal
27.50.17.212,,gagal
27.50.17.213,,gagal
27.50.17.214,,gagal
27.50.17.215,,gagal
27.50.17.216,,gagal
27.50.17.217,,gagal
27.50.17.218,,gagal
27.50.17.219,,gagal
27.50.17.220,,gagal
27.50.17.221,,gagal
27.50.17.222,,gagal
27.50.17.223,,gagal
27.50.17.224,,gagal
27.50.17.225,,gagal
27.50.17.226,,gagal
27.50.17.227,,gagal
27.50.17.228,,gagal
27.50.17.229,,gagal
27.50.17.230,,gagal
27.50.17.231,,gagal
27.50.17.232,,gagal
27.50.17.233,,gagal
27.50.17.234,,gagal
27.50.17.235,,gagal
27.50.17.236,,gagal
27.50.17.237,,gagal
27.50.17.238,,gagal
27.50.17.239,,gagal
27.50.17.240,,gagal
27.50.17.241,,gagal
27.50.17.242,,gagal
27.50.17.243,,gagal
27.50.17.244,,gagal
27.50.17.245,,gagal
27.50.17.246,,gagal
27.50.17.247,,gagal
27.50.17.248,,gagal
27.50.17.249,,gagal
27.50.17.250,,gagal
27.50.17.251,,gagal
27.50.17.252,,gagal
27.50.17.253,,gagal
27.50.17.254,,gagal
27.50.17.255,,gagal
27.50.18.0,,gagal
27.50.18.1,,gagal
27.50.18.2,,gagal
27.50.18.3,,gagal
27.50.18.4,,gagal
27.50.18.5,,gagal
27.50.18.6,,gagal
27.50.18.7,,gagal
27.50.18.8,,gagal
27.50.18.9,,gagal
27.50.18.10,,gagal
27.50.18.11,,gagal
27.50.18.12,,gagal
27.50.18.13,,gagal
27.50.18.14,,gagal
27.50.18.15,,gagal
27.50.18.16,,gagal
27.50.18.17,,gagal
27.50.18.18,,gagal
27.50.18.19,,gagal
27.50.18.20,,gagal
27.50.18.21,,gagal
27.50.18.22,,gagal
27.50.18.23,,gagal
27.50.18.24,,gagal
27.50.18.25,,gagal
27.50.18.26,,gagal
27.50.18.27,,gagal
27.50.18.28,,gagal
27.50.18.29,,gagal
27.50.18.30,,gagal
27.50.18.31,,gagal
27.50.18.32,,gagal
27.50.18.33,,gagal
27.50.18.34,,gagal
27.50.18.35,,gagal
27.50.18.36,,gagal
27.50.18.37,,gagal
27.50.18.38,,gagal
27.50.18.39,,gagal
27.50.18.40,,gagal
27.50.18.41,,gagal
27.50.18.42,,gagal
27.50.18.43,,gagal
27.50.18.44,,gagal
27.50.18.45,,gagal
27.50.18.46,,gagal
27.50.18.47,,gagal
27.50.18.48,,gagal
27.50.18.49,,gagal
27.50.18.50,,gagal
27.50.18.51,,gagal
27.50.18.52,,gagal
27.50.18.53,,gagal
27.50.18.54,,gagal
27.50.18.55,,gagal
27.50.18.56,,gagal
27.50.18.57,,gagal
27.50.18.58,,gagal
27.50.18.59,,gagal
27.50.18.60,,gagal
27.50.18.61,,gagal
27.50.18.62,,gagal
27.50.18.63,,gagal
27.50.18.64,,gagal
27.50.18.65,,gagal
27.50.18.66,,gagal
27.50.18.67,,gagal
27.50.18.68,,gagal
27.50.18.69,,gagal
27.50.18.70,,gagal
27.50.18.71,,gagal
27.50.18.72,,gagal
27.50.18.73,,gagal
27.50.18.74,,gagal
27.50.18.75,,gagal
27.50.18.76,,gagal
27.50.18.77,,gagal
27.50.18.78,,gagal
27.50.18.79,,gagal
27.50.18.80,,gagal
27.50.18.81,,gagal
27.50.18.82,,gagal
27.50.18.83,,gagal
27.50.18.84,,gagal
27.50.18.85,,gagal
27.50.18.86,,gagal
27.50.18.87,,gagal
27.50.18.88,,gagal
27.50.18.89,,gagal
27.50.18.90,,gagal
27.50.18.91,,gagal
27.50.18.92,,gagal
27.50.18.93,,gagal
27.50.18.94,,gagal
27.50.18.95,,gagal
27.50.18.96,,gagal
27.50.18.97,,gagal
27.50.18.98,,gagal
27.50.18.99,,gagal
27.50.18.100,,gagal
27.50.18.101,,gagal
27.50.18.102,,gagal
27.50.18.103,,gagal
27.50.18.104,,gagal
27.50.18.105,,gagal
27.50.18.106,,gagal
27.50.18.107,,gagal
27.50.18.108,,gagal
27.50.18.109,,gagal
27.50.18.110,,gagal
27.50.18.111,,gagal
27.50.18.112,,gagal
27.50.18.113,,gagal
27.50.18.114,,gagal
27.50.18.115,,gagal
27.50.18.116,,gagal
27.50.18.117,,gagal
27.50.18.118,,gagal
27.50.18.119,,gagal
27.50.18.120,,gagal
27.50.18.121,,gagal
27.50.18.122,,gagal
27.50.18.123,,gagal
27.50.18.124,,gagal
27.50.18.125,,gagal
27.50.18.126,,gagal
27.50.18.127,,gagal
27.50.18.128,,gagal
27.50.18.129,,gagal
27.50.18.130,,gagal
27.50.18.131,,gagal
27.50.18.132,,gagal
27.50.18.133,,gagal
27.50.18.134,,gagal
27.50.18.135,,gagal
27.50.18.136,,gagal
27.50.18.137,,gagal
27.50.18.138,,gagal
27.50.18.139,,gagal
27.50.18.140,,gagal
27.50.18.141,,gagal
27.50.18.142,,gagal
27.50.18.143,,gagal
27.50.18.144,,gagal
27.50.18.145,,gagal
27.50.18.146,,gagal
27.50.18.147,,gagal
27.50.18.148,,gagal
27.50.18.149,,gagal
27.50.18.150,,gagal
27.50.18.151,,gagal
27.50.18.152,,gagal
27.50.18.153,,gagal
27.50.18.154,,gagal
27.50.18.155,,gagal
27.50.18.156,,gagal
27.50.18.157,,gagal
27.50.18.158,,gagal
27.50.18.159,,gagal
27.50.18.160,,gagal
27.50.18.161,,gagal
27.50.18.162,,gagal
27.50.18.163,,gagal
27.50.18.164,,gagal
27.50.18.165,,gagal
27.50.18.166,,gagal
27.50.18.167,,gagal
27.50.18.168,,gagal
27.50.18.169,,gagal
27.50.18.170,,gagal
27.50.18.171,,gagal
27.50.18.172,,gagal
27.50.18.173,,gagal
27.50.18.174,,gagal
27.50.18.175,,gagal
27.50.18.176,,gagal
27.50.18.177,,gagal
27.50.18.178,,gagal
27.50.18.179,,gagal
27.50.18.180,,gagal
27.50.18.181,,gagal
27.50.18.182,,gagal
27.50.18.183,,gagal
27.50.18.184,,gagal
27.50.18.185,,gagal
27.50.18.186,,gagal
27.50.18.187,,gagal
27.50.18.188,,gagal
27.50.18.189,,gagal
27.50.18.190,,gagal
27.50.18.191,,gagal
27.50.18.192,,gagal
27.50.18.193,,gagal
27.50.18.194,,gagal
27.50.18.195,,gagal
27.50.18.196,,gagal
27.50.18.197,,gagal
27.50.18.198,,gagal
27.50.18.199,,gagal
27.50.18.200,,gagal
27.50.18.201,,gagal
27.50.18.202,,gagal
27.50.18.203,,gagal
27.50.18.204,,gagal
27.50.18.205,,gagal
27.50.18.206,,gagal
27.50.18.207,,gagal
27.50.18.208,,gagal
27.50.18.209,,gagal
27.50.18.210,,gagal
27.50.18.211,,gagal
27.50.18.212,,gagal
27.50.18.213,,gagal
27.50.18.214,,gagal
27.50.18.215,,gagal
27.50.18.216,,gagal
27.50.18.217,,gagal
27.50.18.218,,gagal
27.50.18.219,,gagal
27.50.18.220,,gagal
27.50.18.221,,gagal
27.50.18.222,,gagal
27.50.18.223,,gagal
27.50.18.224,,gagal
27.50.18.225,,gagal
27.50.18.226,,gagal
27.50.18.227,,gagal
27.50.18.228,,gagal
27.50.18.229,,gagal
27.50.18.230,,gagal
27.50.18.231,,gagal
27.50.18.232,,gagal
27.50.18.233,,gagal
27.50.18.234,,gagal
27.50.18.235,,gagal
27.50.18.236,,gagal
27.50.18.237,,gagal
27.50.18.238,,gagal
27.50.18.239,,gagal
27.50.18.240,,gagal
27.50.18.241,,gagal
27.50.18.242,,gagal
27.50.18.243,,gagal
27.50.18.244,,gagal
27.50.18.245,,gagal
27.50.18.246,,gagal
27.50.18.247,,gagal
27.50.18.248,,gagal
27.50.18.249,,gagal
27.50.18.250,,gagal
27.50.18.251,,gagal
27.50.18.252,,gagal
27.50.18.253,,gagal
27.50.18.254,,gagal
27.50.18.255,,gagal
27.50.19.0,,gagal
27.50.19.1,,gagal
27.50.19.2,,gagal
27.50.19.3,,gagal
27.50.19.4,,gagal
27.50.19.5,,gagal
27.50.19.6,,gagal
27.50.19.7,,gagal
27.50.19.8,,gagal
27.50.19.9,,gagal
27.50.19.10,,gagal
27.50.19.11,,gagal
27.50.19.12,,gagal
27.50.19.13,,gagal
27.50.19.14,,gagal
27.50.19.15,,gagal
27.50.19.16,,gagal
27.50.19.17,,gagal
27.50.19.18,,gagal
27.50.19.19,,gagal
27.50.19.20,,gagal
27.50.19.21,,gagal
27.50.19.22,,gagal
27.50.19.23,,gagal
27.50.19.24,,gagal
27.50.19.25,,gagal
27.50.19.26,,gagal
27.50.19.27,,gagal
27.50.19.28,,gagal
27.50.19.29,,gagal
27.50.19.30,,gagal
27.50.19.31,,gagal
27.50.19.32,,gagal
27.50.19.33,,gagal
27.50.19.34,,gagal
27.50.19.35,,gagal
27.50.19.36,,gagal
27.50.19.37,,gagal
27.50.19.38,,gagal
27.50.19.39,,gagal
27.50.19.40,,gagal
27.50.19.41,,gagal
27.50.19.42,,gagal
27.50.19.43,,gagal
27.50.19.44,,gagal
27.50.19.45,,gagal
27.50.19.46,,gagal
27.50.19.47,,gagal
27.50.19.48,,gagal
27.50.19.49,,gagal
27.50.19.50,,gagal
27.50.19.51,,gagal
27.50.19.52,,gagal
27.50.19.53,,gagal
27.50.19.54,,gagal
27.50.19.55,,gagal
27.50.19.56,,gagal
27.50.19.57,,gagal
27.50.19.58,,gagal
27.50.19.59,,gagal
27.50.19.60,,gagal
27.50.19.61,,gagal
27.50.19.62,,gagal
27.50.19.63,,gagal
27.50.19.64,,gagal
27.50.19.65,,gagal
27.50.19.66,,gagal
27.50.19.67,,gagal
27.50.19.68,,gagal
27.50.19.69,,gagal
27.50.19.70,,gagal
27.50.19.71,,gagal
27.50.19.72,,gagal
27.50.19.73,,gagal
27.50.19.74,,gagal
27.50.19.75,,gagal
27.50.19.76,,gagal
27.50.19.77,,gagal
27.50.19.78,,gagal
27.50.19.79,,gagal
27.50.19.80,,gagal
27.50.19.81,,gagal
27.50.19.82,,gagal
27.50.19.83,,gagal
27.50.19.84,,gagal
27.50.19.85,,gagal
27.50.19.86,,gagal
27.50.19.87,,gagal
27.50.19.88,,gagal
27.50.19.89,,gagal
27.50.19.90,,gagal
27.50.19.91,,gagal
27.50.19.92,,gagal
27.50.19.93,,gagal
27.50.19.94,,gagal
27.50.19.95,,gagal
27.50.19.96,,gagal
27.50.19.97,,gagal
27.50.19.98,,gagal
27.50.19.99,,gagal
27.50.19.100,,gagal
27.50.19.101,,gagal
27.50.19.102,,gagal
27.50.19.103,,gagal
27.50.19.104,,gagal
27.50.19.105,,gagal
27.50.19.106,,gagal
27.50.19.107,,gagal
27.50.19.108,,gagal
27.50.19.109,,gagal
27.50.19.110,,gagal
27.50.19.111,,gagal
27.50.19.112,,gagal
27.50.19.113,,gagal
27.50.19.114,,gagal
27.50.19.115,,gagal
27.50.19.116,,gagal
27.50.19.117,,gagal
27.50.19.118,,gagal
27.50.19.119,,gagal
27.50.19.120,,gagal
27.50.19.121,,gagal
27.50.19.122,,gagal
27.50.19.123,,gagal
27.50.19.124,,gagal
27.50.19.125,,gagal
27.50.19.126,,gagal
27.50.19.127,,gagal
27.50.19.128,,gagal
27.50.19.129,,gagal
27.50.19.130,,gagal
27.50.19.131,,gagal
27.50.19.132,,gagal
27.50.19.133,,gagal
27.50.19.134,,gagal
27.50.19.135,,gagal
27.50.19.136,,gagal
27.50.19.137,,gagal
27.50.19.138,,gagal
27.50.19.139,,gagal
27.50.19.140,,gagal
27.50.19.141,,gagal
27.50.19.142,,gagal
27.50.19.143,,gagal
27.50.19.144,,gagal
27.50.19.145,,gagal
27.50.19.146,,gagal
27.50.19.147,,gagal
27.50.19.148,,gagal
27.50.19.149,,gagal
27.50.19.150,,gagal
27.50.19.151,,gagal
27.50.19.152,,gagal
27.50.19.153,,gagal
27.50.19.154,,gagal
27.50.19.155,,gagal
27.50.19.156,,gagal
27.50.19.157,,gagal
27.50.19.158,,gagal
27.50.19.159,,gagal
27.50.19.160,,gagal
27.50.19.161,,gagal
27.50.19.162,,gagal
27.50.19.163,,gagal
27.50.19.164,,gagal
27.50.19.165,,gagal
27.50.19.166,,gagal
27.50.19.167,,gagal
27.50.19.168,,gagal
27.50.19.169,,gagal
27.50.19.170,,gagal
27.50.19.171,,gagal
27.50.19.172,,gagal
27.50.19.173,,gagal
27.50.19.174,,gagal
27.50.19.175,,gagal
27.50.19.176,,gagal
27.50.19.177,,gagal
27.50.19.178,,gagal
27.50.19.179,,gagal
27.50.19.180,,gagal
27.50.19.181,,gagal
27.50.19.182,,gagal
27.50.19.183,,gagal
27.50.19.184,,gagal
27.50.19.185,,gagal
27.50.19.186,,gagal
27.50.19.187,,gagal
27.50.19.188,,gagal
27.50.19.189,,gagal
27.50.19.190,,gagal
27.50.19.191,,gagal
27.50.19.192,,gagal
27.50.19.193,,gagal
27.50.19.194,,gagal
27.50.19.195,,gagal
27.50.19.196,,gagal
27.50.19.197,,gagal
27.50.19.198,,gagal
27.50.19.199,,gagal
27.50.19.200,,gagal
27.50.19.201,,gagal
27.50.19.202,,gagal
27.50.19.203,,gagal
27.50.19.204,,gagal
27.50.19.205,,gagal
27.50.19.206,,gagal
27.50.19.207,,gagal
27.50.19.208,,gagal
27.50.19.209,,gagal
27.50.19.210,,gagal
27.50.19.211,,gagal
27.50.19.212,,gagal
27.50.19.213,,gagal
27.50.19.214,,gagal
27.50.19.215,,gagal
27.50.19.216,,gagal
27.50.19.217,,gagal
27.50.19.218,,gagal
27.50.19.219,,gagal
27.50.19.220,,gagal
27.50.19.221,,gagal
27.50.19.222,,gagal
27.50.19.223,,gagal
27.50.19.224,,gagal
27.50.19.225,,gagal
27.50.19.226,,gagal
27.50.19.227,,gagal
27.50.19.228,,gagal
27.50.19.229,,gagal
27.50.19.230,,gagal
27.50.19.231,,gagal
27.50.19.232,,gagal
27.50.19.233,,gagal
27.50.19.234,,gagal
27.50.19.235,,gagal
27.50.19.236,,gagal
27.50.19.237,,gagal
27.50.19.238,,gagal
27.50.19.239,,gagal
27.50.19.240,,gagal
27.50.19.241,,gagal
27.50.19.242,,gagal
27.50.19.243,,gagal
27.50.19.244,,gagal
27.50.19.245,,gagal
27.50.19.246,,gagal
27.50.19.247,,gagal
27.50.19.248,,gagal
27.50.19.249,,gagal
27.50.19.250,,gagal
27.50.19.251,,gagal
27.50.19.252,,gagal
27.50.19.253,,gagal
27.50.19.254,,gagal
27.50.19.255,,gagal
27.50.20.0,,gagal
27.50.20.1,,gagal
27.50.20.2,,gagal
27.50.20.3,,gagal
27.50.20.4,,gagal
27.50.20.5,,gagal
27.50.20.6,,gagal
27.50.20.7,,gagal
27.50.20.8,,gagal
27.50.20.9,,gagal
27.50.20.10,,gagal
27.50.20.11,,gagal
27.50.20.12,,gagal
27.50.20.13,,gagal
27.50.20.14,,gagal
27.50.20.15,,gagal
27.50.20.16,,gagal
27.50.20.17,,gagal
27.50.20.18,,gagal
27.50.20.19,,gagal
27.50.20.20,,gagal
27.50.20.21,,gagal
27.50.20.22,,gagal
27.50.20.23,,gagal
27.50.20.24,,gagal
27.50.20.25,,gagal
27.50.20.26,,gagal
27.50.20.27,,gagal
27.50.20.28,,gagal
27.50.20.29,,gagal
27.50.20.30,,gagal
27.50.20.31,,gagal
27.50.20.32,,gagal
27.50.20.33,,gagal
27.50.20.34,,gagal
27.50.20.35,,gagal
27.50.20.36,,gagal
27.50.20.37,,gagal
27.50.20.38,,gagal
27.50.20.39,,gagal
27.50.20.40,,gagal
27.50.20.41,,gagal
27.50.20.42,,gagal
27.50.20.43,,gagal
27.50.20.44,,gagal
27.50.20.45,,gagal
27.50.20.46,,gagal
27.50.20.47,,gagal
27.50.20.48,,gagal
27.50.20.49,,gagal
27.50.20.50,,gagal
27.50.20.51,,gagal
27.50.20.52,,gagal
27.50.20.53,,gagal
27.50.20.54,,gagal
27.50.20.55,,gagal
27.50.20.56,,gagal
27.50.20.57,,gagal
27.50.20.58,,gagal
27.50.20.59,,gagal
27.50.20.60,,gagal
27.50.20.61,,gagal
27.50.20.62,,gagal
27.50.20.63,,gagal
27.50.20.64,,gagal
27.50.20.65,,gagal
27.50.20.66,,gagal
27.50.20.67,,gagal
27.50.20.68,,gagal
27.50.20.69,,gagal
27.50.20.70,,gagal
27.50.20.71,,gagal
27.50.20.72,,gagal
27.50.20.73,,gagal
27.50.20.74,,gagal
27.50.20.75,,gagal
27.50.20.76,,gagal
27.50.20.77,,gagal
27.50.20.78,,gagal
27.50.20.79,,gagal
27.50.20.80,,gagal
27.50.20.81,,gagal
27.50.20.82,,gagal
27.50.20.83,,gagal
27.50.20.84,,gagal
27.50.20.85,,gagal
27.50.20.86,,gagal
27.50.20.87,,gagal
27.50.20.88,,gagal
27.50.20.89,,gagal
27.50.20.90,,gagal
27.50.20.91,,gagal
27.50.20.92,,gagal
27.50.20.93,,gagal
27.50.20.94,,gagal
27.50.20.95,,gagal
27.50.20.96,,gagal
27.50.20.97,,gagal
27.50.20.98,,gagal
27.50.20.99,,gagal
27.50.20.100,,gagal
27.50.20.101,,gagal
27.50.20.102,,gagal
27.50.20.103,,gagal
27.50.20.104,,gagal
27.50.20.105,,gagal
27.50.20.106,,gagal
27.50.20.107,,gagal
27.50.20.108,,gagal
27.50.20.109,,gagal
27.50.20.110,,gagal
27.50.20.111,,gagal
27.50.20.112,,gagal
27.50.20.113,,gagal
27.50.20.114,,gagal
27.50.20.115,,gagal
27.50.20.116,,gagal
27.50.20.117,,gagal
27.50.20.118,,gagal
27.50.20.119,,gagal
27.50.20.120,,gagal
27.50.20.121,,gagal
27.50.20.122,,gagal
27.50.20.123,,gagal
27.50.20.124,,gagal
27.50.20.125,,gagal
27.50.20.126,,gagal
27.50.20.127,,gagal
27.50.20.128,,gagal
27.50.20.129,,gagal
27.50.20.130,,gagal
27.50.20.131,,gagal
27.50.20.132,,gagal
27.50.20.133,,gagal
27.50.20.134,,gagal
27.50.20.135,,gagal
27.50.20.136,,gagal
27.50.20.137,,gagal
27.50.20.138,,gagal
27.50.20.139,,gagal
27.50.20.140,,gagal
27.50.20.141,,gagal
27.50.20.142,,gagal
27.50.20.143,,gagal
27.50.20.144,,gagal
27.50.20.145,,gagal
27.50.20.146,,gagal
27.50.20.147,,gagal
27.50.20.148,,gagal
27.50.20.149,,gagal
27.50.20.150,,gagal
27.50.20.151,,gagal
27.50.20.152,,gagal
27.50.20.153,,gagal
27.50.20.154,,gagal
27.50.20.155,,gagal
27.50.20.156,,gagal
27.50.20.157,,gagal
27.50.20.158,,gagal
27.50.20.159,,gagal
27.50.20.160,,gagal
27.50.20.161,,gagal
27.50.20.162,,gagal
27.50.20.163,,gagal
27.50.20.164,,gagal
27.50.20.165,,gagal
27.50.20.166,,gagal
27.50.20.167,,gagal
27.50.20.168,,gagal
27.50.20.169,,gagal
27.50.20.170,,gagal
27.50.20.171,,gagal
27.50.20.172,,gagal
27.50.20.173,,gagal
27.50.20.174,,gagal
27.50.20.175,,gagal
27.50.20.176,,gagal
27.50.20.177,,gagal
27.50.20.178,,gagal
27.50.20.179,,gagal
27.50.20.180,,gagal
27.50.20.181,,gagal
27.50.20.182,,gagal
27.50.20.183,,gagal
27.50.20.184,,gagal
27.50.20.185,,gagal
27.50.20.186,,gagal
27.50.20.187,,gagal
27.50.20.188,,gagal
27.50.20.189,,gagal
27.50.20.190,,gagal
27.50.20.191,,gagal
27.50.20.192,,gagal
27.50.20.193,,gagal
27.50.20.194,,gagal
27.50.20.195,,gagal
27.50.20.196,,gagal
27.50.20.197,,gagal
27.50.20.198,,gagal
27.50.20.199,,gagal
27.50.20.200,,gagal
27.50.20.201,,gagal
27.50.20.202,,gagal
27.50.20.203,,gagal
27.50.20.204,,gagal
27.50.20.205,,gagal
27.50.20.206,,gagal
27.50.20.207,,gagal
27.50.20.208,,gagal
27.50.20.209,,gagal
27.50.20.210,,gagal
27.50.20.211,,gagal
27.50.20.212,,gagal
27.50.20.213,,gagal
27.50.20.214,,gagal
27.50.20.215,,gagal
27.50.20.216,,gagal
27.50.20.217,,gagal
27.50.20.218,,gagal
27.50.20.219,,gagal
27.50.20.220,,gagal
27.50.20.221,,gagal
27.50.20.222,,gagal
27.50.20.223,,gagal
27.50.20.224,,gagal
27.50.20.225,,gagal
27.50.20.226,,gagal
27.50.20.227,,gagal
27.50.20.228,,gagal
27.50.20.229,,gagal
27.50.20.230,,gagal
27.50.20.231,,gagal
27.50.20.232,,gagal
27.50.20.233,,gagal
27.50.20.234,,gagal
27.50.20.235,,gagal
27.50.20.236,,gagal
27.50.20.237,,gagal
27.50.20.238,,gagal
27.50.20.239,,gagal
27.50.20.240,,gagal
27.50.20.241,,gagal
27.50.20.242,,gagal
27.50.20.243,,gagal
27.50.20.244,,gagal
27.50.20.245,,gagal
27.50.20.246,,gagal
27.50.20.247,,gagal
27.50.20.248,,gagal
27.50.20.249,,gagal
27.50.20.250,,gagal
27.50.20.251,,gagal
27.50.20.252,,gagal
27.50.20.253,,gagal
27.50.20.254,,gagal
27.50.20.255,,gagal
27.50.21.0,,gagal
27.50.21.1,,gagal
27.50.21.2,,gagal
27.50.21.3,,gagal
27.50.21.4,,gagal
27.50.21.5,,gagal
27.50.21.6,,gagal
27.50.21.7,,gagal
27.50.21.8,,gagal
27.50.21.9,,gagal
27.50.21.10,,gagal
27.50.21.11,,gagal
27.50.21.12,,gagal
27.50.21.13,,gagal
27.50.21.14,,gagal
27.50.21.15,,gagal
27.50.21.16,,gagal
27.50.21.17,,gagal
27.50.21.18,,gagal
27.50.21.19,,gagal
27.50.21.20,,gagal
27.50.21.21,,gagal
27.50.21.22,,gagal
27.50.21.23,,gagal
27.50.21.24,,gagal
27.50.21.25,,gagal
27.50.21.26,,gagal
27.50.21.27,,gagal
27.50.21.28,,gagal
27.50.21.29,,gagal
27.50.21.30,,gagal
27.50.21.31,,gagal
27.50.21.32,,gagal
27.50.21.33,,gagal
27.50.21.34,,gagal
27.50.21.35,,gagal
27.50.21.36,,gagal
27.50.21.37,,gagal
27.50.21.38,,gagal
27.50.21.39,,gagal
27.50.21.40,,gagal
27.50.21.41,,gagal
27.50.21.42,,gagal
27.50.21.43,,gagal
27.50.21.44,,gagal
27.50.21.45,,gagal
27.50.21.46,,gagal
27.50.21.47,,gagal
27.50.21.48,,gagal
27.50.21.49,,gagal
27.50.21.50,,gagal
27.50.21.51,,gagal
27.50.21.52,,gagal
27.50.21.53,,gagal
27.50.21.54,,gagal
27.50.21.55,,gagal
27.50.21.56,,gagal
27.50.21.57,,gagal
27.50.21.58,,gagal
27.50.21.59,,gagal
27.50.21.60,,gagal
27.50.21.61,,gagal
27.50.21.62,,gagal
27.50.21.63,,gagal
27.50.21.64,,gagal
27.50.21.65,,gagal
27.50.21.66,,gagal
27.50.21.67,,gagal
27.50.21.68,,gagal
27.50.21.69,,gagal
27.50.21.70,,gagal
27.50.21.71,,gagal
27.50.21.72,,gagal
27.50.21.73,,gagal
27.50.21.74,,gagal
27.50.21.75,,gagal
27.50.21.76,,gagal
27.50.21.77,,gagal
27.50.21.78,,gagal
27.50.21.79,,gagal
27.50.21.80,,gagal
27.50.21.81,,gagal
27.50.21.82,,gagal
27.50.21.83,,gagal
27.50.21.84,,gagal
27.50.21.85,,gagal
27.50.21.86,,gagal
27.50.21.87,,gagal
27.50.21.88,,gagal
27.50.21.89,,gagal
27.50.21.90,,gagal
27.50.21.91,,gagal
27.50.21.92,,gagal
27.50.21.93,,gagal
27.50.21.94,,gagal
27.50.21.95,,gagal
27.50.21.96,,gagal
27.50.21.97,,gagal
27.50.21.98,,gagal
27.50.21.99,,gagal
27.50.21.100,,gagal
27.50.21.101,,gagal
27.50.21.102,,gagal
27.50.21.103,,gagal
27.50.21.104,,gagal
27.50.21.105,,gagal
27.50.21.106,,gagal
27.50.21.107,,gagal
27.50.21.108,,gagal
27.50.21.109,,gagal
27.50.21.110,,gagal
27.50.21.111,,gagal
27.50.21.112,,gagal
27.50.21.113,,gagal
27.50.21.114,,gagal
27.50.21.115,,gagal
27.50.21.116,,gagal
27.50.21.117,,gagal
27.50.21.118,,gagal
27.50.21.119,,gagal
27.50.21.120,,gagal
27.50.21.121,,gagal
27.50.21.122,,gagal
27.50.21.123,,gagal
27.50.21.124,,gagal
27.50.21.125,,gagal
27.50.21.126,,gagal
27.50.21.127,,gagal
27.50.21.128,,gagal
27.50.21.129,,gagal
27.50.21.130,,gagal
27.50.21.131,,gagal
27.50.21.132,,gagal
27.50.21.133,,gagal
27.50.21.134,,gagal
27.50.21.135,,gagal
27.50.21.136,,gagal
27.50.21.137,,gagal
27.50.21.138,,gagal
27.50.21.139,,gagal
27.50.21.140,,gagal
27.50.21.141,,gagal
27.50.21.142,,gagal
27.50.21.143,,gagal
27.50.21.144,,gagal
27.50.21.145,,gagal
27.50.21.146,,gagal
27.50.21.147,,gagal
27.50.21.148,,gagal
27.50.21.149,,gagal
27.50.21.150,,gagal
27.50.21.151,,gagal
27.50.21.152,,gagal
27.50.21.153,,gagal
27.50.21.154,,gagal
27.50.21.155,,gagal
27.50.21.156,,gagal
27.50.21.157,,gagal
27.50.21.158,,gagal
27.50.21.159,,gagal
27.50.21.160,,gagal
27.50.21.161,,gagal
27.50.21.162,,gagal
27.50.21.163,,gagal
27.50.21.164,,gagal
27.50.21.165,,gagal
27.50.21.166,,gagal
27.50.21.167,,gagal
27.50.21.168,,gagal
27.50.21.169,,gagal
27.50.21.170,,gagal
27.50.21.171,,gagal
27.50.21.172,,gagal
27.50.21.173,,gagal
27.50.21.174,,gagal
27.50.21.175,,gagal
27.50.21.176,,gagal
27.50.21.177,,gagal
27.50.21.178,,gagal
27.50.21.179,,gagal
27.50.21.180,,gagal
27.50.21.181,,gagal
27.50.21.182,,gagal
27.50.21.183,,gagal
27.50.21.184,,gagal
27.50.21.185,,gagal
27.50.21.186,,gagal
27.50.21.187,,gagal
27.50.21.188,,gagal
27.50.21.189,,gagal
27.50.21.190,,gagal
27.50.21.191,,gagal
27.50.21.192,,gagal
27.50.21.193,,gagal
27.50.21.194,,gagal
27.50.21.195,,gagal
27.50.21.196,,gagal
27.50.21.197,,gagal
27.50.21.198,,gagal
27.50.21.199,,gagal
27.50.21.200,,gagal
27.50.21.201,,gagal
27.50.21.202,,gagal
27.50.21.203,,gagal
27.50.21.204,,gagal
27.50.21.205,,gagal
27.50.21.206,,gagal
27.50.21.207,,gagal
27.50.21.208,,gagal
27.50.21.209,,gagal
27.50.21.210,,gagal
27.50.21.211,,gagal
27.50.21.212,,gagal
27.50.21.213,,gagal
27.50.21.214,,gagal
27.50.21.215,,gagal
27.50.21.216,,gagal
27.50.21.217,,gagal
27.50.21.218,,gagal
27.50.21.219,,gagal
27.50.21.220,,gagal
27.50.21.221,,gagal
27.50.21.222,,gagal
27.50.21.223,,gagal
27.50.21.224,,gagal
27.50.21.225,,gagal
27.50.21.226,,gagal
27.50.21.227,,gagal
27.50.21.228,,gagal
27.50.21.229,,gagal
27.50.21.230,,gagal
27.50.21.231,,gagal
27.50.21.232,,gagal
27.50.21.233,,gagal
27.50.21.234,,gagal
27.50.21.235,,gagal
27.50.21.236,,gagal
27.50.21.237,,gagal
27.50.21.238,,gagal
27.50.21.239,,gagal
27.50.21.240,,gagal
27.50.21.241,,gagal
27.50.21.242,,gagal
27.50.21.243,,gagal
27.50.21.244,,gagal
27.50.21.245,,gagal
27.50.21.246,,gagal
27.50.21.247,,gagal
27.50.21.248,,gagal
27.50.21.249,,gagal
27.50.21.250,,gagal
27.50.21.251,,gagal
27.50.21.252,,gagal
27.50.21.253,,gagal
27.50.21.254,,gagal
27.50.21.255,,gagal
27.50.22.0,,gagal
27.50.22.1,,gagal
27.50.22.2,,gagal
27.50.22.3,,gagal
27.50.22.4,,gagal
27.50.22.5,,gagal
27.50.22.6,,gagal
27.50.22.7,,gagal
27.50.22.8,,gagal
27.50.22.9,,gagal
27.50.22.10,,gagal
27.50.22.11,,gagal
27.50.22.12,,gagal
27.50.22.13,,gagal
27.50.22.14,,gagal
27.50.22.15,,gagal
27.50.22.16,,gagal
27.50.22.17,,gagal
27.50.22.18,,gagal
27.50.22.19,,gagal
27.50.22.20,,gagal
27.50.22.21,,gagal
27.50.22.22,,gagal
27.50.22.23,,gagal
27.50.22.24,,gagal
27.50.22.25,,gagal
27.50.22.26,,gagal
27.50.22.27,,gagal
27.50.22.28,,gagal
27.50.22.29,,gagal
27.50.22.30,,gagal
27.50.22.31,,gagal
27.50.22.32,,gagal
27.50.22.33,,gagal
27.50.22.34,,gagal
27.50.22.35,,gagal
27.50.22.36,,gagal
27.50.22.37,,gagal
27.50.22.38,,gagal
27.50.22.39,,gagal
27.50.22.40,,gagal
27.50.22.41,,gagal
27.50.22.42,,gagal
27.50.22.43,,gagal
27.50.22.44,,gagal
27.50.22.45,,gagal
27.50.22.46,,gagal
27.50.22.47,,gagal
27.50.22.48,,gagal
27.50.22.49,,gagal
27.50.22.50,,gagal
27.50.22.51,,gagal
27.50.22.52,,gagal
27.50.22.53,,gagal
27.50.22.54,,gagal
27.50.22.55,,gagal
27.50.22.56,,gagal
27.50.22.57,,gagal
27.50.22.58,,gagal
27.50.22.59,,gagal
27.50.22.60,,gagal
27.50.22.61,,gagal
27.50.22.62,,gagal
27.50.22.63,,gagal
27.50.22.64,,gagal
27.50.22.65,,gagal
27.50.22.66,,gagal
27.50.22.67,,gagal
27.50.22.68,,gagal
27.50.22.69,,gagal
27.50.22.70,,gagal
27.50.22.71,,gagal
27.50.22.72,,gagal
27.50.22.73,,gagal
27.50.22.74,,gagal
27.50.22.75,,gagal
27.50.22.76,,gagal
27.50.22.77,,gagal
27.50.22.78,,gagal
27.50.22.79,,gagal
27.50.22.80,,gagal
27.50.22.81,,gagal
27.50.22.82,,gagal
27.50.22.83,,gagal
27.50.22.84,,gagal
27.50.22.85,,gagal
27.50.22.86,,gagal
27.50.22.87,,gagal
27.50.22.88,,gagal
27.50.22.89,,gagal
27.50.22.90,,gagal
27.50.22.91,,gagal
27.50.22.92,,gagal
27.50.22.93,,gagal
27.50.22.94,,gagal
27.50.22.95,,gagal
27.50.22.96,,gagal
27.50.22.97,,gagal
27.50.22.98,,gagal
27.50.22.99,,gagal
27.50.22.100,,gagal
27.50.22.101,,gagal
27.50.22.102,,gagal
27.50.22.103,,gagal
27.50.22.104,,gagal
27.50.22.105,,gagal
27.50.22.106,,gagal
27.50.22.107,,gagal
27.50.22.108,,gagal
27.50.22.109,,gagal
27.50.22.110,,gagal
27.50.22.111,,gagal
27.50.22.112,,gagal
27.50.22.113,,gagal
27.50.22.114,,gagal
27.50.22.115,,gagal
27.50.22.116,,gagal
27.50.22.117,,gagal
27.50.22.118,,gagal
27.50.22.119,,gagal
27.50.22.120,,gagal
27.50.22.121,,gagal
27.50.22.122,,gagal
27.50.22.123,,gagal
27.50.22.124,,gagal
27.50.22.125,,gagal
27.50.22.126,,gagal
27.50.22.127,,gagal
27.50.22.128,,gagal
27.50.22.129,,gagal
27.50.22.130,,gagal
27.50.22.131,,gagal
27.50.22.132,,gagal
27.50.22.133,,gagal
27.50.22.134,,gagal
27.50.22.135,,gagal
27.50.22.136,,gagal
27.50.22.137,,gagal
27.50.22.138,,gagal
27.50.22.139,,gagal
27.50.22.140,,gagal
27.50.22.141,,gagal
27.50.22.142,,gagal
27.50.22.143,,gagal
27.50.22.144,,gagal
27.50.22.145,,gagal
27.50.22.146,,gagal
27.50.22.147,,gagal
27.50.22.148,,gagal
27.50.22.149,,gagal
27.50.22.150,,gagal
27.50.22.151,,gagal
27.50.22.152,,gagal
27.50.22.153,,gagal
27.50.22.154,,gagal
27.50.22.155,,gagal
27.50.22.156,,gagal
27.50.22.157,,gagal
27.50.22.158,,gagal
27.50.22.159,,gagal
27.50.22.160,,gagal
27.50.22.161,,gagal
27.50.22.162,,gagal
27.50.22.163,,gagal
27.50.22.164,,gagal
27.50.22.165,,gagal
27.50.22.166,,gagal
27.50.22.167,,gagal
27.50.22.168,,gagal
27.50.22.169,,gagal
27.50.22.170,,gagal
27.50.22.171,,gagal
27.50.22.172,,gagal
27.50.22.173,,gagal
27.50.22.174,,gagal
27.50.22.175,,gagal
27.50.22.176,,gagal
27.50.22.177,,gagal
27.50.22.178,,gagal
27.50.22.179,,gagal
27.50.22.180,,gagal
27.50.22.181,,gagal
27.50.22.182,,gagal
27.50.22.183,,gagal
27.50.22.184,,gagal
27.50.22.185,,gagal
27.50.22.186,,gagal
27.50.22.187,,gagal
27.50.22.188,,gagal
27.50.22.189,,gagal
27.50.22.190,,gagal
27.50.22.191,,gagal
27.50.22.192,,gagal
27.50.22.193,,gagal
27.50.22.194,,gagal
27.50.22.195,,gagal
27.50.22.196,,gagal
27.50.22.197,,gagal
27.50.22.198,,gagal
27.50.22.199,,gagal
27.50.22.200,,gagal
27.50.22.201,,gagal
27.50.22.202,,gagal
27.50.22.203,,gagal
27.50.22.204,,gagal
27.50.22.205,,gagal
27.50.22.206,,gagal
27.50.22.207,,gagal
27.50.22.208,,gagal
27.50.22.209,,gagal
27.50.22.210,,gagal
27.50.22.211,,gagal
27.50.22.212,,gagal
27.50.22.213,,gagal
27.50.22.214,,gagal
27.50.22.215,,gagal
27.50.22.216,,gagal
27.50.22.217,,gagal
27.50.22.218,,gagal
27.50.22.219,,gagal
27.50.22.220,,gagal
27.50.22.221,,gagal
27.50.22.222,,gagal
27.50.22.223,,gagal
27.50.22.224,,gagal
27.50.22.225,,gagal
27.50.22.226,,gagal
27.50.22.227,,gagal
27.50.22.228,,gagal
27.50.22.229,,gagal
27.50.22.230,,gagal
27.50.22.231,,gagal
27.50.22.232,,gagal
27.50.22.233,,gagal
27.50.22.234,,gagal
27.50.22.235,,gagal
27.50.22.236,,gagal
27.50.22.237,,gagal
27.50.22.238,,gagal
27.50.22.239,,gagal
27.50.22.240,,gagal
27.50.22.241,,gagal
27.50.22.242,,gagal
27.50.22.243,,gagal
27.50.22.244,,gagal
27.50.22.245,,gagal
27.50.22.246,,gagal
27.50.22.247,,gagal
27.50.22.248,,gagal
27.50.22.249,,gagal
27.50.22.250,,gagal
27.50.22.251,,gagal
27.50.22.252,,gagal
27.50.22.253,,gagal
27.50.22.254,,gagal
27.50.22.255,,gagal
27.50.23.0,,gagal
27.50.23.1,,gagal
27.50.23.2,,gagal
27.50.23.3,,gagal
27.50.23.4,,gagal
27.50.23.5,,gagal
27.50.23.6,,gagal
27.50.23.7,,gagal
27.50.23.8,,gagal
27.50.23.9,,gagal
27.50.23.10,,gagal
27.50.23.11,,gagal
27.50.23.12,,gagal
27.50.23.13,,gagal
27.50.23.14,,gagal
27.50.23.15,,gagal
27.50.23.16,,gagal
27.50.23.17,,gagal
27.50.23.18,,gagal
27.50.23.19,,gagal
27.50.23.20,,gagal
27.50.23.21,,gagal
27.50.23.22,,gagal
27.50.23.23,,gagal
27.50.23.24,,gagal
27.50.23.25,,gagal
27.50.23.26,,gagal
27.50.23.27,,gagal
27.50.23.28,,gagal
27.50.23.29,,gagal
27.50.23.30,,gagal
27.50.23.31,,gagal
27.50.23.32,,gagal
27.50.23.33,,gagal
27.50.23.34,,gagal
27.50.23.35,,gagal
27.50.23.36,,gagal
27.50.23.37,,gagal
27.50.23.38,,gagal
27.50.23.39,,gagal
27.50.23.40,,gagal
27.50.23.41,,gagal
27.50.23.42,,gagal
27.50.23.43,,gagal
27.50.23.44,,gagal
27.50.23.45,,gagal
27.50.23.46,,gagal
27.50.23.47,,gagal
27.50.23.48,,gagal
27.50.23.49,,gagal
27.50.23.50,,gagal
27.50.23.51,,gagal
27.50.23.52,,gagal
27.50.23.53,,gagal
27.50.23.54,,gagal
27.50.23.55,,gagal
27.50.23.56,,gagal
27.50.23.57,,gagal
27.50.23.58,,gagal
27.50.23.59,,gagal
27.50.23.60,,gagal
27.50.23.61,,gagal
27.50.23.62,,gagal
27.50.23.63,,gagal
27.50.23.64,,gagal
27.50.23.65,,gagal
27.50.23.66,,gagal
27.50.23.67,,gagal
27.50.23.68,,gagal
27.50.23.69,,gagal
27.50.23.70,,gagal
27.50.23.71,,gagal
27.50.23.72,,gagal
27.50.23.73,,gagal
27.50.23.74,,gagal
27.50.23.75,,gagal
27.50.23.76,,gagal
27.50.23.77,,gagal
27.50.23.78,,gagal
27.50.23.79,,gagal
27.50.23.80,,gagal
27.50.23.81,,gagal
27.50.23.82,,gagal
27.50.23.83,,gagal
27.50.23.84,,gagal
27.50.23.85,,gagal
27.50.23.86,,gagal
27.50.23.87,,gagal
27.50.23.88,,gagal
27.50.23.89,,gagal
27.50.23.90,,gagal
27.50.23.91,,gagal
27.50.23.92,,gagal
27.50.23.93,,gagal
27.50.23.94,,gagal
27.50.23.95,,gagal
27.50.23.96,,gagal
27.50.23.97,,gagal
27.50.23.98,,gagal
27.50.23.99,,gagal
27.50.23.100,,gagal
27.50.23.101,,gagal
27.50.23.102,,gagal
27.50.23.103,,gagal
27.50.23.104,,gagal
27.50.23.105,,gagal
27.50.23.106,,gagal
27.50.23.107,,gagal
27.50.23.108,,gagal
27.50.23.109,,gagal
27.50.23.110,,gagal
27.50.23.111,,gagal
27.50.23.112,,gagal
27.50.23.113,,gagal
27.50.23.114,,gagal
27.50.23.115,,gagal
27.50.23.116,,gagal
27.50.23.117,,gagal
27.50.23.118,,gagal
27.50.23.119,,gagal
27.50.23.120,,gagal
27.50.23.121,,gagal
27.50.23.122,,gagal
27.50.23.123,,gagal
27.50.23.124,,gagal
27.50.23.125,,gagal
27.50.23.126,,gagal
27.50.23.127,,gagal
27.50.23.128,,gagal
27.50.23.129,,gagal
27.50.23.130,,gagal
27.50.23.131,,gagal
27.50.23.132,,gagal
27.50.23.133,,gagal
27.50.23.134,,gagal
27.50.23.135,,gagal
27.50.23.136,,gagal
27.50.23.137,,gagal
27.50.23.138,,gagal
27.50.23.139,,gagal
27.50.23.140,,gagal
27.50.23.141,,gagal
27.50.23.142,,gagal
27.50.23.143,,gagal
27.50.23.144,,gagal
27.50.23.145,,gagal
27.50.23.146,,gagal
27.50.23.147,,gagal
27.50.23.148,,gagal
27.50.23.149,,gagal
27.50.23.150,,gagal
27.50.23.151,,gagal
27.50.23.152,,gagal
27.50.23.153,,gagal
27.50.23.154,,gagal
27.50.23.155,,gagal
27.50.23.156,,gagal
27.50.23.157,,gagal
27.50.23.158,,gagal
27.50.23.159,,gagal
27.50.23.160,,gagal
27.50.23.161,,gagal
27.50.23.162,,gagal
27.50.23.163,,gagal
27.50.23.164,,gagal
27.50.23.165,,gagal
27.50.23.166,,gagal
27.50.23.167,,gagal
27.50.23.168,,gagal
27.50.23.169,,gagal
27.50.23.170,,gagal
27.50.23.171,,gagal
27.50.23.172,,gagal
27.50.23.173,,gagal
27.50.23.174,,gagal
27.50.23.175,,gagal
27.50.23.176,,gagal
27.50.23.177,,gagal
27.50.23.178,,gagal
27.50.23.179,,gagal
27.50.23.180,,gagal
27.50.23.181,,gagal
27.50.23.182,,gagal
27.50.23.183,,gagal
27.50.23.184,,gagal
27.50.23.185,,gagal
27.50.23.186,,gagal
27.50.23.187,,gagal
27.50.23.188,,gagal
27.50.23.189,,gagal
27.50.23.190,,gagal
27.50.23.191,,gagal
27.50.23.192,,gagal
27.50.23.193,,gagal
27.50.23.194,,gagal
27.50.23.195,,gagal
27.50.23.196,,gagal
27.50.23.197,,gagal
27.50.23.198,,gagal
27.50.23.199,,gagal
27.50.23.200,,gagal
27.50.23.201,,gagal
27.50.23.202,,gagal
27.50.23.203,,gagal
27.50.23.204,,gagal
27.50.23.205,,gagal
27.50.23.206,,gagal
27.50.23.207,,gagal
27.50.23.208,,gagal
27.50.23.209,,gagal
27.50.23.210,,gagal
27.50.23.211,,gagal
27.50.23.212,,gagal
27.50.23.213,,gagal
27.50.23.214,,gagal
27.50.23.215,,gagal
27.50.23.216,,gagal
27.50.23.217,,gagal
27.50.23.218,,gagal
27.50.23.219,,gagal
27.50.23.220,,gagal
27.50.23.221,,gagal
27.50.23.222,,gagal
27.50.23.223,,gagal
27.50.23.224,,gagal
27.50.23.225,,gagal
27.50.23.226,,gagal
27.50.23.227,,gagal
27.50.23.228,,gagal
27.50.23.229,,gagal
27.50.23.230,,gagal
27.50.23.231,,gagal
27.50.23.232,,gagal
27.50.23.233,,gagal
27.50.23.234,,gagal
27.50.23.235,,gagal
27.50.23.236,,gagal
27.50.23.237,,gagal
27.50.23.238,,gagal
27.50.23.239,,gagal
27.50.23.240,,gagal
27.50.23.241,,gagal
27.50.23.242,,gagal
27.50.23.243,,gagal
27.50.23.244,,gagal
27.50.23.245,,gagal
27.50.23.246,,gagal
27.50.23.247,,gagal
27.50.23.248,,gagal
27.50.23.249,,gagal
27.50.23.250,,gagal
27.50.23.251,,gagal
27.50.23.252,,gagal
27.50.23.253,,gagal
27.50.23.254,,gagal
27.50.23.255,,gagal
27.50.24.0,,gagal
27.50.24.1,,gagal
27.50.24.2,,gagal
27.50.24.3,,gagal
27.50.24.4,,gagal
27.50.24.5,,gagal
27.50.24.6,,gagal
27.50.24.7,,gagal
27.50.24.8,,gagal
27.50.24.9,,gagal
27.50.24.10,,gagal
27.50.24.11,,gagal
27.50.24.12,,gagal
27.50.24.13,,gagal
27.50.24.14,,gagal
27.50.24.15,,gagal
27.50.24.16,,gagal
27.50.24.17,,gagal
27.50.24.18,,gagal
27.50.24.19,,gagal
27.50.24.20,,gagal
27.50.24.21,,gagal
27.50.24.22,,gagal
27.50.24.23,,gagal
27.50.24.24,,gagal
27.50.24.25,,gagal
27.50.24.26,,gagal
27.50.24.27,,gagal
27.50.24.28,,gagal
27.50.24.29,,gagal
27.50.24.30,,gagal
27.50.24.31,,gagal
27.50.24.32,,gagal
27.50.24.33,,gagal
27.50.24.34,,gagal
27.50.24.35,,gagal
27.50.24.36,,gagal
27.50.24.37,,gagal
27.50.24.38,,gagal
27.50.24.39,,gagal
27.50.24.40,,gagal
27.50.24.41,,gagal
27.50.24.42,,gagal
27.50.24.43,,gagal
27.50.24.44,,gagal
27.50.24.45,,gagal
27.50.24.46,,gagal
27.50.24.47,,gagal
27.50.24.48,,gagal
27.50.24.49,,gagal
27.50.24.50,,gagal
27.50.24.51,,gagal
27.50.24.52,,gagal
27.50.24.53,,gagal
27.50.24.54,,gagal
27.50.24.55,,gagal
27.50.24.56,,gagal
27.50.24.57,,gagal
27.50.24.58,,gagal
27.50.24.59,,gagal
27.50.24.60,,gagal
27.50.24.61,,gagal
27.50.24.62,,gagal
27.50.24.63,,gagal
27.50.24.64,,gagal
27.50.24.65,,gagal
27.50.24.66,,gagal
27.50.24.67,,gagal
27.50.24.68,,gagal
27.50.24.69,,gagal
27.50.24.70,,gagal
27.50.24.71,,gagal
27.50.24.72,,gagal
27.50.24.73,,gagal
27.50.24.74,,gagal
27.50.24.75,,gagal
27.50.24.76,,gagal
27.50.24.77,,gagal
27.50.24.78,,gagal
27.50.24.79,,gagal
27.50.24.80,,gagal
27.50.24.81,,gagal
27.50.24.82,,gagal
27.50.24.83,,gagal
27.50.24.84,,gagal
27.50.24.85,,gagal
27.50.24.86,,gagal
27.50.24.87,,gagal
27.50.24.88,,gagal
27.50.24.89,,gagal
27.50.24.90,,gagal
27.50.24.91,,gagal
27.50.24.92,,gagal
27.50.24.93,,gagal
27.50.24.94,,gagal
27.50.24.95,,gagal
27.50.24.96,,gagal
27.50.24.97,,gagal
27.50.24.98,,gagal
27.50.24.99,,gagal
27.50.24.100,,gagal
27.50.24.101,,gagal
27.50.24.102,,gagal
27.50.24.103,,gagal
27.50.24.104,,gagal
27.50.24.105,,gagal
27.50.24.106,,gagal
27.50.24.107,,gagal
27.50.24.108,,gagal
27.50.24.109,,gagal
27.50.24.110,,gagal
27.50.24.111,,gagal
27.50.24.112,,gagal
27.50.24.113,,gagal
27.50.24.114,,gagal
27.50.24.115,,gagal
27.50.24.116,,gagal
27.50.24.117,,gagal
27.50.24.118,,gagal
27.50.24.119,,gagal
27.50.24.120,,gagal
27.50.24.121,,gagal
27.50.24.122,,gagal
27.50.24.123,,gagal
27.50.24.124,,gagal
27.50.24.125,,gagal
27.50.24.126,,gagal
27.50.24.127,,gagal
27.50.24.128,,gagal
27.50.24.129,,gagal
27.50.24.130,,gagal
27.50.24.131,,gagal
27.50.24.132,,gagal
27.50.24.133,,gagal
27.50.24.134,,gagal
27.50.24.135,,gagal
27.50.24.136,,gagal
27.50.24.137,,gagal
27.50.24.138,,gagal
27.50.24.139,,gagal
27.50.24.140,,gagal
27.50.24.141,,gagal
27.50.24.142,,gagal
27.50.24.143,,gagal
27.50.24.144,,gagal
27.50.24.145,,gagal
27.50.24.146,,gagal
27.50.24.147,,gagal
27.50.24.148,,gagal
27.50.24.149,,gagal
27.50.24.150,,gagal
27.50.24.151,,gagal
27.50.24.152,,gagal
27.50.24.153,,gagal
27.50.24.154,,gagal
27.50.24.155,,gagal
27.50.24.156,,gagal
27.50.24.157,,gagal
27.50.24.158,,gagal
27.50.24.159,,gagal
27.50.24.160,,gagal
27.50.24.161,,gagal
27.50.24.162,,gagal
27.50.24.163,,gagal
27.50.24.164,,gagal
27.50.24.165,,gagal
27.50.24.166,,gagal
27.50.24.167,,gagal
27.50.24.168,,gagal
27.50.24.169,,gagal
27.50.24.170,,gagal
27.50.24.171,,gagal
27.50.24.172,,gagal
27.50.24.173,,gagal
27.50.24.174,,gagal
27.50.24.175,,gagal
27.50.24.176,,gagal
27.50.24.177,,gagal
27.50.24.178,,gagal
27.50.24.179,,gagal
27.50.24.180,,gagal
27.50.24.181,,gagal
27.50.24.182,,gagal
27.50.24.183,,gagal
27.50.24.184,,gagal
27.50.24.185,,gagal
27.50.24.186,,gagal
27.50.24.187,,gagal
27.50.24.188,,gagal
27.50.24.189,,gagal
27.50.24.190,,gagal
27.50.24.191,,gagal
27.50.24.192,,gagal
27.50.24.193,,gagal
27.50.24.194,,gagal
27.50.24.195,,gagal
27.50.24.196,,gagal
27.50.24.197,,gagal
27.50.24.198,,gagal
27.50.24.199,,gagal
27.50.24.200,,gagal
27.50.24.201,,gagal
27.50.24.202,,gagal
27.50.24.203,,gagal
27.50.24.204,,gagal
27.50.24.205,,gagal
27.50.24.206,,gagal
27.50.24.207,,gagal
27.50.24.208,,gagal
27.50.24.209,,gagal
27.50.24.210,,gagal
27.50.24.211,,gagal
27.50.24.212,,gagal
27.50.24.213,,gagal
27.50.24.214,,gagal
27.50.24.215,,gagal
27.50.24.216,,gagal
27.50.24.217,,gagal
27.50.24.218,,gagal
27.50.24.219,,gagal
27.50.24.220,,gagal
27.50.24.221,,gagal
27.50.24.222,,gagal
27.50.24.223,,gagal
27.50.24.224,,gagal
27.50.24.225,,gagal
27.50.24.226,,gagal
27.50.24.227,,gagal
27.50.24.228,,gagal
27.50.24.229,,gagal
27.50.24.230,,gagal
27.50.24.231,,gagal
27.50.24.232,,gagal
27.50.24.233,,gagal
27.50.24.234,,gagal
27.50.24.235,,gagal
27.50.24.236,,gagal
27.50.24.237,,gagal
27.50.24.238,,gagal
27.50.24.239,,gagal
27.50.24.240,,gagal
27.50.24.241,,gagal
27.50.24.242,,gagal
27.50.24.243,,gagal
27.50.24.244,,gagal
27.50.24.245,,gagal
27.50.24.246,,gagal
27.50.24.247,,gagal
27.50.24.248,,gagal
27.50.24.249,,gagal
27.50.24.250,,gagal
27.50.24.251,,gagal
27.50.24.252,,gagal
27.50.24.253,,gagal
27.50.24.254,,gagal
27.50.24.255,,gagal
27.50.25.0,,gagal
27.50.25.1,,gagal
27.50.25.2,,gagal
27.50.25.3,,gagal
27.50.25.4,,gagal
27.50.25.5,,gagal
27.50.25.6,,gagal
27.50.25.7,,gagal
27.50.25.8,,gagal
27.50.25.9,,gagal
27.50.25.10,,gagal
27.50.25.11,,gagal
27.50.25.12,,gagal
27.50.25.13,,gagal
27.50.25.14,,gagal
27.50.25.15,,gagal
27.50.25.16,,gagal
27.50.25.17,,gagal
27.50.25.18,,gagal
27.50.25.19,,gagal
27.50.25.20,,gagal
27.50.25.21,,gagal
27.50.25.22,,gagal
27.50.25.23,,gagal
27.50.25.24,,gagal
27.50.25.25,,gagal
27.50.25.26,,gagal
27.50.25.27,,gagal
27.50.25.28,,gagal
27.50.25.29,,gagal
27.50.25.30,,gagal
27.50.25.31,,gagal
27.50.25.32,,gagal
27.50.25.33,,gagal
27.50.25.34,,gagal
27.50.25.35,,gagal
27.50.25.36,,gagal
27.50.25.37,,gagal
27.50.25.38,,gagal
27.50.25.39,,gagal
27.50.25.40,,gagal
27.50.25.41,,gagal
27.50.25.42,,gagal
27.50.25.43,,gagal
27.50.25.44,,gagal
27.50.25.45,,gagal
27.50.25.46,,gagal
27.50.25.47,,gagal
27.50.25.48,,gagal
27.50.25.49,,gagal
27.50.25.50,,gagal
27.50.25.51,,gagal
27.50.25.52,,gagal
27.50.25.53,,gagal
27.50.25.54,,gagal
27.50.25.55,,gagal
27.50.25.56,,gagal
27.50.25.57,,gagal
27.50.25.58,,gagal
27.50.25.59,,gagal
27.50.25.60,,gagal
27.50.25.61,,gagal
27.50.25.62,,gagal
27.50.25.63,,gagal
27.50.25.64,,gagal
27.50.25.65,,gagal
27.50.25.66,,gagal
27.50.25.67,,gagal
27.50.25.68,,gagal
27.50.25.69,,gagal
27.50.25.70,,gagal
27.50.25.71,,gagal
27.50.25.72,,gagal
27.50.25.73,,gagal
27.50.25.74,,gagal
27.50.25.75,,gagal
27.50.25.76,,gagal
27.50.25.77,,gagal
27.50.25.78,,gagal
27.50.25.79,,gagal
27.50.25.80,,gagal
27.50.25.81,,gagal
27.50.25.82,,gagal
27.50.25.83,,gagal
27.50.25.84,,gagal
27.50.25.85,,gagal
27.50.25.86,,gagal
27.50.25.87,,gagal
27.50.25.88,,gagal
27.50.25.89,,gagal
27.50.25.90,,gagal
27.50.25.91,,gagal
27.50.25.92,,gagal
27.50.25.93,,gagal
27.50.25.94,,gagal
27.50.25.95,,gagal
27.50.25.96,,gagal
27.50.25.97,,gagal
27.50.25.98,,gagal
27.50.25.99,,gagal
27.50.25.100,,gagal
27.50.25.101,,gagal
27.50.25.102,,gagal
27.50.25.103,,gagal
27.50.25.104,,gagal
27.50.25.105,,gagal
27.50.25.106,,gagal
27.50.25.107,,gagal
27.50.25.108,,gagal
27.50.25.109,,gagal
27.50.25.110,,gagal
27.50.25.111,,gagal
27.50.25.112,,gagal
27.50.25.113,,gagal
27.50.25.114,,gagal
27.50.25.115,,gagal
27.50.25.116,,gagal
27.50.25.117,,gagal
27.50.25.118,,gagal
27.50.25.119,,gagal
27.50.25.120,,gagal
27.50.25.121,,gagal
27.50.25.122,,gagal
27.50.25.123,,gagal
27.50.25.124,,gagal
27.50.25.125,,gagal
27.50.25.126,,gagal
27.50.25.127,,gagal
27.50.25.128,,gagal
27.50.25.129,,gagal
27.50.25.130,,gagal
27.50.25.131,,gagal
27.50.25.132,,gagal
27.50.25.133,,gagal
27.50.25.134,,gagal
27.50.25.135,,gagal
27.50.25.136,,gagal
27.50.25.137,,gagal
27.50.25.138,,gagal
27.50.25.139,,gagal
27.50.25.140,,gagal
27.50.25.141,,gagal
27.50.25.142,,gagal
27.50.25.143,,gagal
27.50.25.144,,gagal
27.50.25.145,,gagal
27.50.25.146,,gagal
27.50.25.147,,gagal
27.50.25.148,,gagal
27.50.25.149,,gagal
27.50.25.150,,gagal
27.50.25.151,,gagal
27.50.25.152,,gagal
27.50.25.153,,gagal
27.50.25.154,,gagal
27.50.25.155,,gagal
27.50.25.156,,gagal
27.50.25.157,,gagal
27.50.25.158,,gagal
27.50.25.159,,gagal
27.50.25.160,,gagal
27.50.25.161,,gagal
27.50.25.162,,gagal
27.50.25.163,,gagal
27.50.25.164,,gagal
27.50.25.165,,gagal
27.50.25.166,,gagal
27.50.25.167,,gagal
27.50.25.168,,gagal
27.50.25.169,,gagal
27.50.25.170,,gagal
27.50.25.171,,gagal
27.50.25.172,,gagal
27.50.25.173,,gagal
27.50.25.174,,gagal
27.50.25.175,,gagal
27.50.25.176,,gagal
27.50.25.177,,gagal
27.50.25.178,,gagal
27.50.25.179,,gagal
27.50.25.180,,gagal
27.50.25.181,,gagal
27.50.25.182,,gagal
27.50.25.183,,gagal
27.50.25.184,,gagal
27.50.25.185,,gagal
27.50.25.186,,gagal
27.50.25.187,,gagal
27.50.25.188,,gagal
27.50.25.189,,gagal
27.50.25.190,,gagal
27.50.25.191,,gagal
27.50.25.192,,gagal
27.50.25.193,,gagal
27.50.25.194,,gagal
27.50.25.195,,gagal
27.50.25.196,,gagal
27.50.25.197,,gagal
27.50.25.198,,gagal
27.50.25.199,,gagal
27.50.25.200,,gagal
27.50.25.201,,gagal
27.50.25.202,,gagal
27.50.25.203,,gagal
27.50.25.204,,gagal
27.50.25.205,,gagal
27.50.25.206,,gagal
27.50.25.207,,gagal
27.50.25.208,,gagal
27.50.25.209,,gagal
27.50.25.210,,gagal
27.50.25.211,,gagal
27.50.25.212,,gagal
27.50.25.213,,gagal
27.50.25.214,,gagal
27.50.25.215,,gagal
27.50.25.216,,gagal
27.50.25.217,,gagal
27.50.25.218,,gagal
27.50.25.219,,gagal
27.50.25.220,,gagal
27.50.25.221,,gagal
27.50.25.222,,gagal
27.50.25.223,,gagal
27.50.25.224,,gagal
27.50.25.225,,gagal
27.50.25.226,,gagal
27.50.25.227,,gagal
27.50.25.228,,gagal
27.50.25.229,,gagal
27.50.25.230,,gagal
27.50.25.231,,gagal
27.50.25.232,,gagal
27.50.25.233,,gagal
27.50.25.234,,gagal
27.50.25.235,,gagal
27.50.25.236,,gagal
27.50.25.237,,gagal
27.50.25.238,,gagal
27.50.25.239,,gagal
27.50.25.240,,gagal
27.50.25.241,,gagal
27.50.25.242,,gagal
27.50.25.243,,gagal
27.50.25.244,,gagal
27.50.25.245,,gagal
27.50.25.246,,gagal
27.50.25.247,,gagal
27.50.25.248,,gagal
27.50.25.249,,gagal
27.50.25.250,,gagal
27.50.25.251,,gagal
27.50.25.252,,gagal
27.50.25.253,,gagal
27.50.25.254,,gagal
27.50.25.255,,gagal
27.50.26.0,,gagal
27.50.26.1,,gagal
27.50.26.2,,gagal
27.50.26.3,,gagal
27.50.26.4,,gagal
27.50.26.5,,gagal
27.50.26.6,,gagal
27.50.26.7,,gagal
27.50.26.8,,gagal
27.50.26.9,,gagal
27.50.26.10,,gagal
27.50.26.11,,gagal
27.50.26.12,,gagal
27.50.26.13,,gagal
27.50.26.14,,gagal
27.50.26.15,,gagal
27.50.26.16,,gagal
27.50.26.17,,gagal
27.50.26.18,,gagal
27.50.26.19,,gagal
27.50.26.20,,gagal
27.50.26.21,,gagal
27.50.26.22,,gagal
27.50.26.23,,gagal
27.50.26.24,,gagal
27.50.26.25,,gagal
27.50.26.26,,gagal
27.50.26.27,,gagal
27.50.26.28,,gagal
27.50.26.29,,gagal
27.50.26.30,,gagal
27.50.26.31,,gagal
27.50.26.32,,gagal
27.50.26.33,,gagal
27.50.26.34,,gagal
27.50.26.35,,gagal
27.50.26.36,,gagal
27.50.26.37,,gagal
27.50.26.38,,gagal
27.50.26.39,,gagal
27.50.26.40,,gagal
27.50.26.41,,gagal
27.50.26.42,,gagal
27.50.26.43,,gagal
27.50.26.44,,gagal
27.50.26.45,,gagal
27.50.26.46,,gagal
27.50.26.47,,gagal
27.50.26.48,,gagal
27.50.26.49,,gagal
27.50.26.50,,gagal
27.50.26.51,,gagal
27.50.26.52,,gagal
27.50.26.53,,gagal
27.50.26.54,,gagal
27.50.26.55,,gagal
27.50.26.56,,gagal
27.50.26.57,,gagal
27.50.26.58,,gagal
27.50.26.59,,gagal
27.50.26.60,,gagal
27.50.26.61,,gagal
27.50.26.62,,gagal
27.50.26.63,,gagal
27.50.26.64,,gagal
27.50.26.65,,gagal
27.50.26.66,,gagal
27.50.26.67,,gagal
27.50.26.68,,gagal
27.50.26.69,,gagal
27.50.26.70,,gagal
27.50.26.71,,gagal
27.50.26.72,,gagal
27.50.26.73,,gagal
27.50.26.74,,gagal
27.50.26.75,,gagal
27.50.26.76,,gagal
27.50.26.77,,gagal
27.50.26.78,,gagal
27.50.26.79,,gagal
27.50.26.80,,gagal
27.50.26.81,,gagal
27.50.26.82,,gagal
27.50.26.83,,gagal
27.50.26.84,,gagal
27.50.26.85,,gagal
27.50.26.86,,gagal
27.50.26.87,,gagal
27.50.26.88,,gagal
27.50.26.89,,gagal
27.50.26.90,,gagal
27.50.26.91,,gagal
27.50.26.92,,gagal
27.50.26.93,,gagal
27.50.26.94,,gagal
27.50.26.95,,gagal
27.50.26.96,,gagal
27.50.26.97,,gagal
27.50.26.98,,gagal
27.50.26.99,,gagal
27.50.26.100,,gagal
27.50.26.101,,gagal
27.50.26.102,,gagal
27.50.26.103,,gagal
27.50.26.104,,gagal
27.50.26.105,,gagal
27.50.26.106,,gagal
27.50.26.107,,gagal
27.50.26.108,,gagal
27.50.26.109,,gagal
27.50.26.110,,gagal
27.50.26.111,,gagal
27.50.26.112,,gagal
27.50.26.113,,gagal
27.50.26.114,,gagal
27.50.26.115,,gagal
27.50.26.116,,gagal
27.50.26.117,,gagal
27.50.26.118,,gagal
27.50.26.119,,gagal
27.50.26.120,,gagal
27.50.26.121,,gagal
27.50.26.122,,gagal
27.50.26.123,,gagal
27.50.26.124,,gagal
27.50.26.125,,gagal
27.50.26.126,,gagal
27.50.26.127,,gagal
27.50.26.128,,gagal
27.50.26.129,,gagal
27.50.26.130,,gagal
27.50.26.131,,gagal
27.50.26.132,,gagal
27.50.26.133,,gagal
27.50.26.134,,gagal
27.50.26.135,,gagal
27.50.26.136,,gagal
27.50.26.137,,gagal
27.50.26.138,,gagal
27.50.26.139,,gagal
27.50.26.140,,gagal
27.50.26.141,,gagal
27.50.26.142,,gagal
27.50.26.143,,gagal
27.50.26.144,,gagal
27.50.26.145,,gagal
27.50.26.146,,gagal
27.50.26.147,,gagal
27.50.26.148,,gagal
27.50.26.149,,gagal
27.50.26.150,,gagal
27.50.26.151,,gagal
27.50.26.152,,gagal
27.50.26.153,,gagal
27.50.26.154,,gagal
27.50.26.155,,gagal
27.50.26.156,,gagal
27.50.26.157,,gagal
27.50.26.158,,gagal
27.50.26.159,,gagal
27.50.26.160,,gagal
27.50.26.161,,gagal
27.50.26.162,,gagal
27.50.26.163,,gagal
27.50.26.164,,gagal
27.50.26.165,,gagal
27.50.26.166,,gagal
27.50.26.167,,gagal
27.50.26.168,,gagal
27.50.26.169,,gagal
27.50.26.170,,gagal
27.50.26.171,,gagal
27.50.26.172,,gagal
27.50.26.173,,gagal
27.50.26.174,,gagal
27.50.26.175,,gagal
27.50.26.176,,gagal
27.50.26.177,,gagal
27.50.26.178,,gagal
27.50.26.179,,gagal
27.50.26.180,,gagal
27.50.26.181,,gagal
27.50.26.182,,gagal
27.50.26.183,,gagal
27.50.26.184,,gagal
27.50.26.185,,gagal
27.50.26.186,,gagal
27.50.26.187,,gagal
27.50.26.188,,gagal
27.50.26.189,,gagal
27.50.26.190,,gagal
27.50.26.191,,gagal
27.50.26.192,,gagal
27.50.26.193,,gagal
27.50.26.194,,gagal
27.50.26.195,,gagal
27.50.26.196,,gagal
27.50.26.197,,gagal
27.50.26.198,,gagal
27.50.26.199,,gagal
27.50.26.200,,gagal
27.50.26.201,,gagal
27.50.26.202,,gagal
27.50.26.203,,gagal
27.50.26.204,,gagal
27.50.26.205,,gagal
27.50.26.206,,gagal
27.50.26.207,,gagal
27.50.26.208,,gagal
27.50.26.209,,gagal
27.50.26.210,,gagal
27.50.26.211,,gagal
27.50.26.212,,gagal
27.50.26.213,,gagal
27.50.26.214,,gagal
27.50.26.215,,gagal
27.50.26.216,,gagal
27.50.26.217,,gagal
27.50.26.218,,gagal
27.50.26.219,,gagal
27.50.26.220,,gagal
27.50.26.221,,gagal
27.50.26.222,,gagal
27.50.26.223,,gagal
27.50.26.224,,gagal
27.50.26.225,,gagal
27.50.26.226,,gagal
27.50.26.227,,gagal
27.50.26.228,,gagal
27.50.26.229,,gagal
27.50.26.230,,gagal
27.50.26.231,,gagal
27.50.26.232,,gagal
27.50.26.233,,gagal
27.50.26.234,,gagal
27.50.26.235,,gagal
27.50.26.236,,gagal
27.50.26.237,,gagal
27.50.26.238,,gagal
27.50.26.239,,gagal
27.50.26.240,,gagal
27.50.26.241,,gagal
27.50.26.242,,gagal
27.50.26.243,,gagal
27.50.26.244,,gagal
27.50.26.245,,gagal
27.50.26.246,,gagal
27.50.26.247,,gagal
27.50.26.248,,gagal
27.50.26.249,,gagal
27.50.26.250,,gagal
27.50.26.251,,gagal
27.50.26.252,,gagal
27.50.26.253,,gagal
27.50.26.254,,gagal
27.50.26.255,,gagal
27.50.27.0,,gagal
27.50.27.1,,gagal
27.50.27.2,,gagal
27.50.27.3,,gagal
27.50.27.4,,gagal
27.50.27.5,,gagal
27.50.27.6,,gagal
27.50.27.7,,gagal
27.50.27.8,,gagal
27.50.27.9,,gagal
27.50.27.10,,gagal
27.50.27.11,,gagal
27.50.27.12,,gagal
27.50.27.13,,gagal
27.50.27.14,,gagal
27.50.27.15,,gagal
27.50.27.16,,gagal
27.50.27.17,,gagal
27.50.27.18,,gagal
27.50.27.19,,gagal
27.50.27.20,,gagal
27.50.27.21,,gagal
27.50.27.22,,gagal
27.50.27.23,,gagal
27.50.27.24,,gagal
27.50.27.25,,gagal
27.50.27.26,,gagal
27.50.27.27,,gagal
27.50.27.28,,gagal
27.50.27.29,,gagal
27.50.27.30,,gagal
27.50.27.31,,gagal
27.50.27.32,,gagal
27.50.27.33,,gagal
27.50.27.34,,gagal
27.50.27.35,,gagal
27.50.27.36,,gagal
27.50.27.37,,gagal
27.50.27.38,,gagal
27.50.27.39,,gagal
27.50.27.40,,gagal
27.50.27.41,,gagal
27.50.27.42,,gagal
27.50.27.43,,gagal
27.50.27.44,,gagal
27.50.27.45,,gagal
27.50.27.46,,gagal
27.50.27.47,,gagal
27.50.27.48,,gagal
27.50.27.49,,gagal
27.50.27.50,,gagal
27.50.27.51,,gagal
27.50.27.52,,gagal
27.50.27.53,,gagal
27.50.27.54,,gagal
27.50.27.55,,gagal
27.50.27.56,,gagal
27.50.27.57,,gagal
27.50.27.58,,gagal
27.50.27.59,,gagal
27.50.27.60,,gagal
27.50.27.61,,gagal
27.50.27.62,,gagal
27.50.27.63,,gagal
27.50.27.64,,gagal
27.50.27.65,,gagal
27.50.27.66,,gagal
27.50.27.67,,gagal
27.50.27.68,,gagal
27.50.27.69,,gagal
27.50.27.70,,gagal
27.50.27.71,,gagal
27.50.27.72,,gagal
27.50.27.73,,gagal
27.50.27.74,,gagal
27.50.27.75,,gagal
27.50.27.76,,gagal
27.50.27.77,,gagal
27.50.27.78,,gagal
27.50.27.79,,gagal
27.50.27.80,,gagal
27.50.27.81,,gagal
27.50.27.82,,gagal
27.50.27.83,,gagal
27.50.27.84,,gagal
27.50.27.85,,gagal
27.50.27.86,,gagal
27.50.27.87,,gagal
27.50.27.88,,gagal
27.50.27.89,,gagal
27.50.27.90,,gagal
27.50.27.91,,gagal
27.50.27.92,,gagal
27.50.27.93,,gagal
27.50.27.94,,gagal
27.50.27.95,,gagal
27.50.27.96,,gagal
27.50.27.97,,gagal
27.50.27.98,,gagal
27.50.27.99,,gagal
27.50.27.100,,gagal
27.50.27.101,,gagal
27.50.27.102,,gagal
27.50.27.103,,gagal
27.50.27.104,,gagal
27.50.27.105,,gagal
27.50.27.106,,gagal
27.50.27.107,,gagal
27.50.27.108,,gagal
27.50.27.109,,gagal
27.50.27.110,,gagal
27.50.27.111,,gagal
27.50.27.112,,gagal
27.50.27.113,,gagal
27.50.27.114,,gagal
27.50.27.115,,gagal
27.50.27.116,,gagal
27.50.27.117,,gagal
27.50.27.118,,gagal
27.50.27.119,,gagal
27.50.27.120,,gagal
27.50.27.121,,gagal
27.50.27.122,,gagal
27.50.27.123,,gagal
27.50.27.124,,gagal
27.50.27.125,,gagal
27.50.27.126,,gagal
27.50.27.127,,gagal
27.50.27.128,,gagal
27.50.27.129,,gagal
27.50.27.130,,gagal
27.50.27.131,,gagal
27.50.27.132,,gagal
27.50.27.133,,gagal
27.50.27.134,,gagal
27.50.27.135,,gagal
27.50.27.136,,gagal
27.50.27.137,,gagal
27.50.27.138,,gagal
27.50.27.139,,gagal
27.50.27.140,,gagal
27.50.27.141,,gagal
27.50.27.142,,gagal
27.50.27.143,,gagal
27.50.27.144,,gagal
27.50.27.145,,gagal
27.50.27.146,,gagal
27.50.27.147,,gagal
27.50.27.148,,gagal
27.50.27.149,,gagal
27.50.27.150,,gagal
27.50.27.151,,gagal
27.50.27.152,,gagal
27.50.27.153,,gagal
27.50.27.154,,gagal
27.50.27.155,,gagal
27.50.27.156,,gagal
27.50.27.157,,gagal
27.50.27.158,,gagal
27.50.27.159,,gagal
27.50.27.160,,gagal
27.50.27.161,,gagal
27.50.27.162,,gagal
27.50.27.163,,gagal
27.50.27.164,,gagal
27.50.27.165,,gagal
27.50.27.166,,gagal
27.50.27.167,,gagal
27.50.27.168,,gagal
27.50.27.169,,gagal
27.50.27.170,,gagal
27.50.27.171,,gagal
27.50.27.172,,gagal
27.50.27.173,,gagal
27.50.27.174,,gagal
27.50.27.175,,gagal
27.50.27.176,,gagal
27.50.27.177,,gagal
27.50.27.178,,gagal
27.50.27.179,,gagal
27.50.27.180,,gagal
27.50.27.181,,gagal
27.50.27.182,,gagal
27.50.27.183,,gagal
27.50.27.184,,gagal
27.50.27.185,,gagal
27.50.27.186,,gagal
27.50.27.187,,gagal
27.50.27.188,,gagal
27.50.27.189,,gagal
27.50.27.190,,gagal
27.50.27.191,,gagal
27.50.27.192,,gagal
27.50.27.193,,gagal
27.50.27.194,,gagal
27.50.27.195,,gagal
27.50.27.196,,gagal
27.50.27.197,,gagal
27.50.27.198,,gagal
27.50.27.199,,gagal
27.50.27.200,,gagal
27.50.27.201,,gagal
27.50.27.202,,gagal
27.50.27.203,,gagal
27.50.27.204,,gagal
27.50.27.205,,gagal
27.50.27.206,,gagal
27.50.27.207,,gagal
27.50.27.208,,gagal
27.50.27.209,,gagal
27.50.27.210,,gagal
27.50.27.211,,gagal
27.50.27.212,,gagal
27.50.27.213,,gagal
27.50.27.214,,gagal
27.50.27.215,,gagal
27.50.27.216,,gagal
27.50.27.217,,gagal
27.50.27.218,,gagal
27.50.27.219,,gagal
27.50.27.220,,gagal
27.50.27.221,,gagal
27.50.27.222,,gagal
27.50.27.223,,gagal
27.50.27.224,,gagal
27.50.27.225,,gagal
27.50.27.226,,gagal
27.50.27.227,,gagal
27.50.27.228,,gagal
27.50.27.229,,gagal
27.50.27.230,,gagal
27.50.27.231,,gagal
27.50.27.232,,gagal
27.50.27.233,,gagal
27.50.27.234,,gagal
27.50.27.235,,gagal
27.50.27.236,,gagal
27.50.27.237,,gagal
27.50.27.238,,gagal
27.50.27.239,,gagal
27.50.27.240,,gagal
27.50.27.241,,gagal
27.50.27.242,,gagal
27.50.27.243,,gagal
27.50.27.244,,gagal
27.50.27.245,,gagal
27.50.27.246,,gagal
27.50.27.247,,gagal
27.50.27.248,,gagal
27.50.27.249,,gagal
27.50.27.250,,gagal
27.50.27.251,,gagal
27.50.27.252,,gagal
27.50.27.253,,gagal
27.50.27.254,,gagal
27.50.27.255,,gagal
27.50.28.0,,gagal
27.50.28.1,,gagal
27.50.28.2,,gagal
27.50.28.3,,gagal
27.50.28.4,,gagal
27.50.28.5,,gagal
27.50.28.6,,gagal
27.50.28.7,,gagal
27.50.28.8,,gagal
27.50.28.9,,gagal
27.50.28.10,,gagal
27.50.28.11,,gagal
27.50.28.12,,gagal
27.50.28.13,,gagal
27.50.28.14,,gagal
27.50.28.15,,gagal
27.50.28.16,,gagal
27.50.28.17,,gagal
27.50.28.18,,gagal
27.50.28.19,,gagal
27.50.28.20,,gagal
27.50.28.21,,gagal
27.50.28.22,,gagal
27.50.28.23,,gagal
27.50.28.24,,gagal
27.50.28.25,,gagal
27.50.28.26,,gagal
27.50.28.27,,gagal
27.50.28.28,,gagal
27.50.28.29,,gagal
27.50.28.30,,gagal
27.50.28.31,,gagal
27.50.28.32,,gagal
27.50.28.33,,gagal
27.50.28.34,,gagal
27.50.28.35,,gagal
27.50.28.36,,gagal
27.50.28.37,,gagal
27.50.28.38,,gagal
27.50.28.39,,gagal
27.50.28.40,,gagal
27.50.28.41,,gagal
27.50.28.42,,gagal
27.50.28.43,,gagal
27.50.28.44,,gagal
27.50.28.45,,gagal
27.50.28.46,,gagal
27.50.28.47,,gagal
27.50.28.48,,gagal
27.50.28.49,,gagal
27.50.28.50,,gagal
27.50.28.51,,gagal
27.50.28.52,,gagal
27.50.28.53,,gagal
27.50.28.54,,gagal
27.50.28.55,,gagal
27.50.28.56,,gagal
27.50.28.57,,gagal
27.50.28.58,,gagal
27.50.28.59,,gagal
27.50.28.60,,gagal
27.50.28.61,,gagal
27.50.28.62,,gagal
27.50.28.63,,gagal
27.50.28.64,,gagal
27.50.28.65,,gagal
27.50.28.66,,gagal
27.50.28.67,,gagal
27.50.28.68,,gagal
27.50.28.69,,gagal
27.50.28.70,,gagal
27.50.28.71,,gagal
27.50.28.72,,gagal
27.50.28.73,,gagal
27.50.28.74,,gagal
27.50.28.75,,gagal
27.50.28.76,,gagal
27.50.28.77,,gagal
27.50.28.78,,gagal
27.50.28.79,,gagal
27.50.28.80,,gagal
27.50.28.81,,gagal
27.50.28.82,,gagal
27.50.28.83,,gagal
27.50.28.84,,gagal
27.50.28.85,,gagal
27.50.28.86,,gagal
27.50.28.87,,gagal
27.50.28.88,,gagal
27.50.28.89,,gagal
27.50.28.90,,gagal
27.50.28.91,,gagal
27.50.28.92,,gagal
27.50.28.93,,gagal
27.50.28.94,,gagal
27.50.28.95,,gagal
27.50.28.96,,gagal
27.50.28.97,,gagal
27.50.28.98,,gagal
27.50.28.99,,gagal
27.50.28.100,,gagal
27.50.28.101,,gagal
27.50.28.102,,gagal
27.50.28.103,,gagal
27.50.28.104,,gagal
27.50.28.105,,gagal
27.50.28.106,,gagal
27.50.28.107,,gagal
27.50.28.108,,gagal
27.50.28.109,,gagal
27.50.28.110,,gagal
27.50.28.111,,gagal
27.50.28.112,,gagal
27.50.28.113,,gagal
27.50.28.114,,gagal
27.50.28.115,,gagal
27.50.28.116,,gagal
27.50.28.117,,gagal
27.50.28.118,,gagal
27.50.28.119,,gagal
27.50.28.120,,gagal
27.50.28.121,,gagal
27.50.28.122,,gagal
27.50.28.123,,gagal
27.50.28.124,,gagal
27.50.28.125,,gagal
27.50.28.126,,gagal
27.50.28.127,,gagal
27.50.28.128,,gagal
27.50.28.129,,gagal
27.50.28.130,,gagal
27.50.28.131,,gagal
27.50.28.132,,gagal
27.50.28.133,,gagal
27.50.28.134,,gagal
27.50.28.135,,gagal
27.50.28.136,,gagal
27.50.28.137,,gagal
27.50.28.138,,gagal
27.50.28.139,,gagal
27.50.28.140,,gagal
27.50.28.141,,gagal
27.50.28.142,,gagal
27.50.28.143,,gagal
27.50.28.144,,gagal
27.50.28.145,,gagal
27.50.28.146,,gagal
27.50.28.147,,gagal
27.50.28.148,,gagal
27.50.28.149,,gagal
27.50.28.150,,gagal
27.50.28.151,,gagal
27.50.28.152,,gagal
27.50.28.153,,gagal
27.50.28.154,,gagal
27.50.28.155,,gagal
27.50.28.156,,gagal
27.50.28.157,,gagal
27.50.28.158,,gagal
27.50.28.159,,gagal
27.50.28.160,,gagal
27.50.28.161,,gagal
27.50.28.162,,gagal
27.50.28.163,,gagal
27.50.28.164,,gagal
27.50.28.165,,gagal
27.50.28.166,,gagal
27.50.28.167,,gagal
27.50.28.168,,gagal
27.50.28.169,,gagal
27.50.28.170,,gagal
27.50.28.171,,gagal
27.50.28.172,,gagal
27.50.28.173,,gagal
27.50.28.174,,gagal
27.50.28.175,,gagal
27.50.28.176,,gagal
27.50.28.177,,gagal
27.50.28.178,,gagal
27.50.28.179,,gagal
27.50.28.180,,gagal
27.50.28.181,,gagal
27.50.28.182,,gagal
27.50.28.183,,gagal
27.50.28.184,,gagal
27.50.28.185,,gagal
27.50.28.186,,gagal
27.50.28.187,,gagal
27.50.28.188,,gagal
27.50.28.189,,gagal
27.50.28.190,,gagal
27.50.28.191,,gagal
27.50.28.192,,gagal
27.50.28.193,,gagal
27.50.28.194,,gagal
27.50.28.195,,gagal
27.50.28.196,,gagal
27.50.28.197,,gagal
27.50.28.198,,gagal
27.50.28.199,,gagal
27.50.28.200,,gagal
27.50.28.201,,gagal
27.50.28.202,,gagal
27.50.28.203,,gagal
27.50.28.204,,gagal
27.50.28.205,,gagal
27.50.28.206,,gagal
27.50.28.207,,gagal
27.50.28.208,,gagal
27.50.28.209,,gagal
27.50.28.210,,gagal
27.50.28.211,,gagal
27.50.28.212,,gagal
27.50.28.213,,gagal
27.50.28.214,,gagal
27.50.28.215,,gagal
27.50.28.216,,gagal
27.50.28.217,,gagal
27.50.28.218,,gagal
27.50.28.219,,gagal
27.50.28.220,,gagal
27.50.28.221,,gagal
27.50.28.222,,gagal
27.50.28.223,,gagal
27.50.28.224,,gagal
27.50.28.225,,gagal
27.50.28.226,,gagal
27.50.28.227,,gagal
27.50.28.228,,gagal
27.50.28.229,,gagal
27.50.28.230,,gagal
27.50.28.231,,gagal
27.50.28.232,,gagal
27.50.28.233,,gagal
27.50.28.234,,gagal
27.50.28.235,,gagal
27.50.28.236,,gagal
27.50.28.237,,gagal
27.50.28.238,,gagal
27.50.28.239,,gagal
27.50.28.240,,gagal
27.50.28.241,,gagal
27.50.28.242,,gagal
27.50.28.243,,gagal
27.50.28.244,,gagal
27.50.28.245,,gagal
27.50.28.246,,gagal
27.50.28.247,,gagal
27.50.28.248,,gagal
27.50.28.249,,gagal
27.50.28.250,,gagal
27.50.28.251,,gagal
27.50.28.252,,gagal
27.50.28.253,,gagal
27.50.28.254,,gagal
27.50.28.255,,gagal
27.50.29.0,,gagal
27.50.29.1,,gagal
27.50.29.2,,gagal
27.50.29.3,,gagal
27.50.29.4,,gagal
27.50.29.5,,gagal
27.50.29.6,,gagal
27.50.29.7,,gagal
27.50.29.8,,gagal
27.50.29.9,,gagal
27.50.29.10,,gagal
27.50.29.11,,gagal
27.50.29.12,,gagal
27.50.29.13,,gagal
27.50.29.14,,gagal
27.50.29.15,,gagal
27.50.29.16,,gagal
27.50.29.17,,gagal
27.50.29.18,,gagal
27.50.29.19,,gagal
27.50.29.20,,gagal
27.50.29.21,,gagal
27.50.29.22,,gagal
27.50.29.23,,gagal
27.50.29.24,,gagal
27.50.29.25,,gagal
27.50.29.26,,gagal
27.50.29.27,,gagal
27.50.29.28,,gagal
27.50.29.29,,gagal
27.50.29.30,,gagal
27.50.29.31,,gagal
27.50.29.32,,gagal
27.50.29.33,,gagal
27.50.29.34,,gagal
27.50.29.35,,gagal
27.50.29.36,,gagal
27.50.29.37,,gagal
27.50.29.38,,gagal
27.50.29.39,,gagal
27.50.29.40,,gagal
27.50.29.41,,gagal
27.50.29.42,,gagal
27.50.29.43,,gagal
27.50.29.44,,gagal
27.50.29.45,,gagal
27.50.29.46,,gagal
27.50.29.47,,gagal
27.50.29.48,,gagal
27.50.29.49,,gagal
27.50.29.50,,gagal
27.50.29.51,,gagal
27.50.29.52,,gagal
27.50.29.53,,gagal
27.50.29.54,,gagal
27.50.29.55,,gagal
27.50.29.56,,gagal
27.50.29.57,,gagal
27.50.29.58,,gagal
27.50.29.59,,gagal
27.50.29.60,,gagal
27.50.29.61,,gagal
27.50.29.62,,gagal
27.50.29.63,,gagal
27.50.29.64,,gagal
27.50.29.65,,gagal
27.50.29.66,,gagal
27.50.29.67,,gagal
27.50.29.68,,gagal
27.50.29.69,,gagal
27.50.29.70,,gagal
27.50.29.71,,gagal
27.50.29.72,,gagal
27.50.29.73,,gagal
27.50.29.74,,gagal
27.50.29.75,,gagal
27.50.29.76,,gagal
27.50.29.77,,gagal
27.50.29.78,,gagal
27.50.29.79,,gagal
27.50.29.80,,gagal
27.50.29.81,,gagal
27.50.29.82,,gagal
27.50.29.83,,gagal
27.50.29.84,,gagal
27.50.29.85,,gagal
27.50.29.86,,gagal
27.50.29.87,,gagal
27.50.29.88,,gagal
27.50.29.89,,gagal
27.50.29.90,,gagal
27.50.29.91,,gagal
27.50.29.92,,gagal
27.50.29.93,,gagal
27.50.29.94,,gagal
27.50.29.95,,gagal
27.50.29.96,,gagal
27.50.29.97,,gagal
27.50.29.98,,gagal
27.50.29.99,,gagal
27.50.29.100,,gagal
27.50.29.101,,gagal
27.50.29.102,,gagal
27.50.29.103,,gagal
27.50.29.104,,gagal
27.50.29.105,,gagal
27.50.29.106,,gagal
27.50.29.107,,gagal
27.50.29.108,,gagal
27.50.29.109,,gagal
27.50.29.110,,gagal
27.50.29.111,,gagal
27.50.29.112,,gagal
27.50.29.113,,gagal
27.50.29.114,,gagal
27.50.29.115,,gagal
27.50.29.116,,gagal
27.50.29.117,,gagal
27.50.29.118,,gagal
27.50.29.119,,gagal
27.50.29.120,,gagal
27.50.29.121,,gagal
27.50.29.122,,gagal
27.50.29.123,,gagal
27.50.29.124,,gagal
27.50.29.125,,gagal
27.50.29.126,,gagal
27.50.29.127,,gagal
27.50.29.128,,gagal
27.50.29.129,,gagal
27.50.29.130,,gagal
27.50.29.131,,gagal
27.50.29.132,,gagal
27.50.29.133,,gagal
27.50.29.134,,gagal
27.50.29.135,,gagal
27.50.29.136,,gagal
27.50.29.137,,gagal
27.50.29.138,,gagal
27.50.29.139,,gagal
27.50.29.140,,gagal
27.50.29.141,,gagal
27.50.29.142,,gagal
27.50.29.143,,gagal
27.50.29.144,,gagal
27.50.29.145,,gagal
27.50.29.146,,gagal
27.50.29.147,,gagal
27.50.29.148,,gagal
27.50.29.149,,gagal
27.50.29.150,,gagal
27.50.29.151,,gagal
27.50.29.152,,gagal
27.50.29.153,,gagal
27.50.29.154,,gagal
27.50.29.155,,gagal
27.50.29.156,,gagal
27.50.29.157,,gagal
27.50.29.158,,gagal
27.50.29.159,,gagal
27.50.29.160,,gagal
27.50.29.161,,gagal
27.50.29.162,,gagal
27.50.29.163,,gagal
27.50.29.164,,gagal
27.50.29.165,,gagal
27.50.29.166,,gagal
27.50.29.167,,gagal
27.50.29.168,,gagal
27.50.29.169,,gagal
27.50.29.170,,gagal
27.50.29.171,,gagal
27.50.29.172,,gagal
27.50.29.173,,gagal
27.50.29.174,,gagal
27.50.29.175,,gagal
27.50.29.176,,gagal
27.50.29.177,,gagal
27.50.29.178,,gagal
27.50.29.179,,gagal
27.50.29.180,,gagal
27.50.29.181,,gagal
27.50.29.182,,gagal
27.50.29.183,,gagal
27.50.29.184,,gagal
27.50.29.185,,gagal
27.50.29.186,,gagal
27.50.29.187,,gagal
27.50.29.188,,gagal
27.50.29.189,,gagal
27.50.29.190,,gagal
27.50.29.191,,gagal
27.50.29.192,,gagal
27.50.29.193,,gagal
27.50.29.194,,gagal
27.50.29.195,,gagal
27.50.29.196,,gagal
27.50.29.197,,gagal
27.50.29.198,,gagal
27.50.29.199,,gagal
27.50.29.200,,gagal
27.50.29.201,,gagal
27.50.29.202,,gagal
27.50.29.203,,gagal
27.50.29.204,,gagal
27.50.29.205,,gagal
27.50.29.206,,gagal
27.50.29.207,,gagal
27.50.29.208,,gagal
27.50.29.209,,gagal
27.50.29.210,,gagal
27.50.29.211,,gagal
27.50.29.212,,gagal
27.50.29.213,,gagal
27.50.29.214,,gagal
27.50.29.215,,gagal
27.50.29.216,,gagal
27.50.29.217,,gagal
27.50.29.218,,gagal
27.50.29.219,,gagal
27.50.29.220,,gagal
27.50.29.221,,gagal
27.50.29.222,,gagal
27.50.29.223,,gagal
27.50.29.224,,gagal
27.50.29.225,,gagal
27.50.29.226,,gagal
27.50.29.227,,gagal
27.50.29.228,,gagal
27.50.29.229,,gagal
27.50.29.230,,gagal
27.50.29.231,,gagal
27.50.29.232,,gagal
27.50.29.233,,gagal
27.50.29.234,,gagal
27.50.29.235,,gagal
27.50.29.236,,gagal
27.50.29.237,,gagal
27.50.29.238,,gagal
27.50.29.239,,gagal
27.50.29.240,,gagal
27.50.29.241,,gagal
27.50.29.242,,gagal
27.50.29.243,,gagal
27.50.29.244,,gagal
27.50.29.245,,gagal
27.50.29.246,,gagal
27.50.29.247,,gagal
27.50.29.248,,gagal
27.50.29.249,,gagal
27.50.29.250,,gagal
27.50.29.251,,gagal
27.50.29.252,,gagal
27.50.29.253,,gagal
27.50.29.254,,gagal
27.50.29.255,,gagal
27.50.30.0,,gagal
27.50.30.1,,gagal
27.50.30.2,,gagal
27.50.30.3,,gagal
27.50.30.4,,gagal
27.50.30.5,,gagal
27.50.30.6,,gagal
27.50.30.7,,gagal
27.50.30.8,,gagal
27.50.30.9,,gagal
27.50.30.10,,gagal
27.50.30.11,,gagal
27.50.30.12,,gagal
27.50.30.13,,gagal
27.50.30.14,,gagal
27.50.30.15,,gagal
27.50.30.16,,gagal
27.50.30.17,,gagal
27.50.30.18,,gagal
27.50.30.19,,gagal
27.50.30.20,,gagal
27.50.30.21,,gagal
27.50.30.22,,gagal
27.50.30.23,,gagal
27.50.30.24,,gagal
27.50.30.25,,gagal
27.50.30.26,,gagal
27.50.30.27,,gagal
27.50.30.28,,gagal
27.50.30.29,,gagal
27.50.30.30,,gagal
27.50.30.31,,gagal
27.50.30.32,,gagal
27.50.30.33,,gagal
27.50.30.34,,gagal
27.50.30.35,,gagal
27.50.30.36,,gagal
27.50.30.37,,gagal
27.50.30.38,,gagal
27.50.30.39,,gagal
27.50.30.40,,gagal
27.50.30.41,,gagal
27.50.30.42,,gagal
27.50.30.43,,gagal
27.50.30.44,,gagal
27.50.30.45,,gagal
27.50.30.46,,gagal
27.50.30.47,,gagal
27.50.30.48,,gagal
27.50.30.49,,gagal
27.50.30.50,,gagal
27.50.30.51,,gagal
27.50.30.52,,gagal
27.50.30.53,,gagal
27.50.30.54,,gagal
27.50.30.55,,gagal
27.50.30.56,,gagal
27.50.30.57,,gagal
27.50.30.58,,gagal
27.50.30.59,,gagal
27.50.30.60,,gagal
27.50.30.61,,gagal
27.50.30.62,,gagal
27.50.30.63,,gagal
27.50.30.64,,gagal
27.50.30.65,,gagal
27.50.30.66,,gagal
27.50.30.67,,gagal
27.50.30.68,,gagal
27.50.30.69,,gagal
27.50.30.70,,gagal
27.50.30.71,,gagal
27.50.30.72,,gagal
27.50.30.73,,gagal
27.50.30.74,,gagal
27.50.30.75,,gagal
27.50.30.76,,gagal
27.50.30.77,,gagal
27.50.30.78,,gagal
27.50.30.79,,gagal
27.50.30.80,,gagal
27.50.30.81,,gagal
27.50.30.82,,gagal
27.50.30.83,,gagal
27.50.30.84,,gagal
27.50.30.85,,gagal
27.50.30.86,,gagal
27.50.30.87,,gagal
27.50.30.88,,gagal
27.50.30.89,,gagal
27.50.30.90,,gagal
27.50.30.91,,gagal
27.50.30.92,,gagal
27.50.30.93,,gagal
27.50.30.94,,gagal
27.50.30.95,,gagal
27.50.30.96,,gagal
27.50.30.97,,gagal
27.50.30.98,,gagal
27.50.30.99,,gagal
27.50.30.100,,gagal
27.50.30.101,,gagal
27.50.30.102,,gagal
27.50.30.103,,gagal
27.50.30.104,,gagal
27.50.30.105,,gagal
27.50.30.106,,gagal
27.50.30.107,,gagal
27.50.30.108,,gagal
27.50.30.109,,gagal
27.50.30.110,,gagal
27.50.30.111,,gagal
27.50.30.112,,gagal
27.50.30.113,,gagal
27.50.30.114,,gagal
27.50.30.115,,gagal
27.50.30.116,,gagal
27.50.30.117,,gagal
27.50.30.118,,gagal
27.50.30.119,,gagal
27.50.30.120,,gagal
27.50.30.121,,gagal
27.50.30.122,,gagal
27.50.30.123,,gagal
27.50.30.124,,gagal
27.50.30.125,,gagal
27.50.30.126,,gagal
27.50.30.127,,gagal
27.50.30.128,,gagal
27.50.30.129,,gagal
27.50.30.130,,gagal
27.50.30.131,,gagal
27.50.30.132,,gagal
27.50.30.133,,gagal
27.50.30.134,,gagal
27.50.30.135,,gagal
27.50.30.136,,gagal
27.50.30.137,,gagal
27.50.30.138,,gagal
27.50.30.139,,gagal
27.50.30.140,,gagal
27.50.30.141,,gagal
27.50.30.142,,gagal
27.50.30.143,,gagal
27.50.30.144,,gagal
27.50.30.145,,gagal
27.50.30.146,,gagal
27.50.30.147,,gagal
27.50.30.148,,gagal
27.50.30.149,,gagal
27.50.30.150,,gagal
27.50.30.151,,gagal
27.50.30.152,,gagal
27.50.30.153,,gagal
27.50.30.154,,gagal
27.50.30.155,,gagal
27.50.30.156,,gagal
27.50.30.157,,gagal
27.50.30.158,,gagal
27.50.30.159,,gagal
27.50.30.160,,gagal
27.50.30.161,,gagal
27.50.30.162,,gagal
27.50.30.163,,gagal
27.50.30.164,,gagal
27.50.30.165,,gagal
27.50.30.166,,gagal
27.50.30.167,,gagal
27.50.30.168,,gagal
27.50.30.169,,gagal
27.50.30.170,,gagal
27.50.30.171,,gagal
27.50.30.172,,gagal
27.50.30.173,,gagal
27.50.30.174,,gagal
27.50.30.175,,gagal
27.50.30.176,,gagal
27.50.30.177,,gagal
27.50.30.178,,gagal
27.50.30.179,,gagal
27.50.30.180,,gagal
27.50.30.181,,gagal
27.50.30.182,,gagal
27.50.30.183,,gagal
27.50.30.184,,gagal
27.50.30.185,,gagal
27.50.30.186,,gagal
27.50.30.187,,gagal
27.50.30.188,,gagal
27.50.30.189,,gagal
27.50.30.190,,gagal
27.50.30.191,,gagal
27.50.30.192,,gagal
27.50.30.193,,gagal
27.50.30.194,,gagal
27.50.30.195,,gagal
27.50.30.196,,gagal
27.50.30.197,,gagal
27.50.30.198,,gagal
27.50.30.199,,gagal
27.50.30.200,,gagal
27.50.30.201,,gagal
27.50.30.202,,gagal
27.50.30.203,,gagal
27.50.30.204,,gagal
27.50.30.205,,gagal
27.50.30.206,,gagal
27.50.30.207,,gagal
27.50.30.208,,gagal
27.50.30.209,,gagal
27.50.30.210,,gagal
27.50.30.211,,gagal
27.50.30.212,,gagal
27.50.30.213,,gagal
27.50.30.214,,gagal
27.50.30.215,,gagal
27.50.30.216,,gagal
27.50.30.217,,gagal
27.50.30.218,,gagal
27.50.30.219,,gagal
27.50.30.220,,gagal
27.50.30.221,,gagal
27.50.30.222,,gagal
27.50.30.223,,gagal
27.50.30.224,,gagal
27.50.30.225,,gagal
27.50.30.226,,gagal
27.50.30.227,,gagal
27.50.30.228,,gagal
27.50.30.229,,gagal
27.50.30.230,,gagal
27.50.30.231,,gagal
27.50.30.232,,gagal
27.50.30.233,,gagal
27.50.30.234,,gagal
27.50.30.235,,gagal
27.50.30.236,,gagal
27.50.30.237,,gagal
27.50.30.238,,gagal
27.50.30.239,,gagal
27.50.30.240,,gagal
27.50.30.241,,gagal
27.50.30.242,,gagal
27.50.30.243,,gagal
27.50.30.244,,gagal
27.50.30.245,,gagal
27.50.30.246,,gagal
27.50.30.247,,gagal
27.50.30.248,,gagal
27.50.30.249,,gagal
27.50.30.250,,gagal
27.50.30.251,,gagal
27.50.30.252,,gagal
27.50.30.253,,gagal
27.50.30.254,,gagal
27.50.30.255,,gagal
27.50.31.0,,gagal
27.50.31.1,,gagal
27.50.31.2,,gagal
27.50.31.3,,gagal
27.50.31.4,,gagal
27.50.31.5,,gagal
27.50.31.6,,gagal
27.50.31.7,,gagal
27.50.31.8,,gagal
27.50.31.9,,gagal
27.50.31.10,,gagal
27.50.31.11,,gagal
27.50.31.12,,gagal
27.50.31.13,,gagal
27.50.31.14,,gagal
27.50.31.15,,gagal
27.50.31.16,,gagal
27.50.31.17,,gagal
27.50.31.18,,gagal
27.50.31.19,,gagal
27.50.31.20,,gagal
27.50.31.21,,gagal
27.50.31.22,,gagal
27.50.31.23,,gagal
27.50.31.24,,gagal
27.50.31.25,,gagal
27.50.31.26,,gagal
27.50.31.27,,gagal
27.50.31.28,,gagal
27.50.31.29,,gagal
27.50.31.30,,gagal
27.50.31.31,,gagal
27.50.31.32,,gagal
27.50.31.33,,gagal
27.50.31.34,,gagal
27.50.31.35,,gagal
27.50.31.36,,gagal
27.50.31.37,,gagal
27.50.31.38,,gagal
27.50.31.39,,gagal
27.50.31.40,,gagal
27.50.31.41,,gagal
27.50.31.42,,gagal
27.50.31.43,,gagal
27.50.31.44,,gagal
27.50.31.45,,gagal
27.50.31.46,,gagal
27.50.31.47,,gagal
27.50.31.48,,gagal
27.50.31.49,,gagal
27.50.31.50,,gagal
27.50.31.51,,gagal
27.50.31.52,,gagal
27.50.31.53,,gagal
27.50.31.54,,gagal
27.50.31.55,,gagal
27.50.31.56,,gagal
27.50.31.57,,gagal
27.50.31.58,,gagal
27.50.31.59,,gagal
27.50.31.60,,gagal
27.50.31.61,,gagal
27.50.31.62,,gagal
27.50.31.63,,gagal
27.50.31.64,,gagal
27.50.31.65,,gagal
27.50.31.66,,gagal
27.50.31.67,,gagal
27.50.31.68,,gagal
27.50.31.69,,gagal
27.50.31.70,,gagal
27.50.31.71,,gagal
27.50.31.72,,gagal
27.50.31.73,,gagal
27.50.31.74,,gagal
27.50.31.75,,gagal
27.50.31.76,,gagal
27.50.31.77,,gagal
27.50.31.78,,gagal
27.50.31.79,,gagal
27.50.31.80,,gagal
27.50.31.81,,gagal
27.50.31.82,,gagal
27.50.31.83,,gagal
27.50.31.84,,gagal
27.50.31.85,,gagal
27.50.31.86,,gagal
27.50.31.87,,gagal
27.50.31.88,,gagal
27.50.31.89,,gagal
27.50.31.90,,gagal
27.50.31.91,,gagal
27.50.31.92,,gagal
27.50.31.93,,gagal
27.50.31.94,,gagal
27.50.31.95,,gagal
27.50.31.96,,gagal
27.50.31.97,,gagal
27.50.31.98,,gagal
27.50.31.99,,gagal
27.50.31.100,,gagal
27.50.31.101,,gagal
27.50.31.102,,gagal
27.50.31.103,,gagal
27.50.31.104,,gagal
27.50.31.105,,gagal
27.50.31.106,,gagal
27.50.31.107,,gagal
27.50.31.108,,gagal
27.50.31.109,,gagal
27.50.31.110,,gagal
27.50.31.111,,gagal
27.50.31.112,,gagal
27.50.31.113,,gagal
27.50.31.114,,gagal
27.50.31.115,,gagal
27.50.31.116,,gagal
27.50.31.117,,gagal
27.50.31.118,,gagal
27.50.31.119,,gagal
27.50.31.120,,gagal
27.50.31.121,,gagal
27.50.31.122,,gagal
27.50.31.123,,gagal
27.50.31.124,,gagal
27.50.31.125,,gagal
27.50.31.126,,gagal
27.50.31.127,,gagal
27.50.31.128,,gagal
27.50.31.129,,gagal
27.50.31.130,,gagal
27.50.31.131,,gagal
27.50.31.132,,gagal
27.50.31.133,,gagal
27.50.31.134,,gagal
27.50.31.135,,gagal
27.50.31.136,,gagal
27.50.31.137,,gagal
27.50.31.138,,gagal
27.50.31.139,,gagal
27.50.31.140,,gagal
27.50.31.141,,gagal
27.50.31.142,,gagal
27.50.31.143,,gagal
27.50.31.144,,gagal
27.50.31.145,,gagal
27.50.31.146,,gagal
27.50.31.147,,gagal
27.50.31.148,,gagal
27.50.31.149,,gagal
27.50.31.150,,gagal
27.50.31.151,,gagal
27.50.31.152,,gagal
27.50.31.153,,gagal
27.50.31.154,,gagal
27.50.31.155,,gagal
27.50.31.156,,gagal
27.50.31.157,,gagal
27.50.31.158,,gagal
27.50.31.159,,gagal
27.50.31.160,,gagal
27.50.31.161,,gagal
27.50.31.162,,gagal
27.50.31.163,,gagal
27.50.31.164,,gagal
27.50.31.165,,gagal
27.50.31.166,,gagal
27.50.31.167,,gagal
27.50.31.168,,gagal
27.50.31.169,,gagal
27.50.31.170,,gagal
27.50.31.171,,gagal
27.50.31.172,,gagal
27.50.31.173,,gagal
27.50.31.174,,gagal
27.50.31.175,,gagal
27.50.31.176,,gagal
27.50.31.177,,gagal
27.50.31.178,,gagal
27.50.31.179,,gagal
27.50.31.180,,gagal
27.50.31.181,,gagal
27.50.31.182,,gagal
27.50.31.183,,gagal
27.50.31.184,,gagal
27.50.31.185,,gagal
27.50.31.186,,gagal
27.50.31.187,,gagal
27.50.31.188,,gagal
27.50.31.189,,gagal
27.50.31.190,,gagal
27.50.31.191,,gagal
27.50.31.192,,gagal
27.50.31.193,,gagal
27.50.31.194,,gagal
27.50.31.195,,gagal
27.50.31.196,,gagal
27.50.31.197,,gagal
27.50.31.198,,gagal
27.50.31.199,,gagal
27.50.31.200,,gagal
27.50.31.201,,gagal
27.50.31.202,,gagal
27.50.31.203,,gagal
27.50.31.204,,gagal
27.50.31.205,,gagal
27.50.31.206,,gagal
27.50.31.207,,gagal
27.50.31.208,,gagal
27.50.31.209,,gagal
27.50.31.210,,gagal
27.50.31.211,,gagal
27.50.31.212,,gagal
27.50.31.213,,gagal
27.50.31.214,,gagal
27.50.31.215,,gagal
27.50.31.216,,gagal
27.50.31.217,,gagal
27.50.31.218,,gagal
27.50.31.219,,gagal
27.50.31.220,,gagal
27.50.31.221,,gagal
27.50.31.222,,gagal
27.50.31.223,,gagal
27.50.31.224,,gagal
27.50.31.225,,gagal
27.50.31.226,,gagal
27.50.31.227,,gagal
27.50.31.228,,gagal
27.50.31.229,,gagal
27.50.31.230,,gagal
27.50.31.231,,gagal
27.50.31.232,,gagal
27.50.31.233,,gagal
27.50.31.234,,gagal
27.50.31.235,,gagal
27.50.31.236,,gagal
27.50.31.237,,gagal
27.50.31.238,,gagal
27.50.31.239,,gagal
27.50.31.240,,gagal
27.50.31.241,,gagal
27.50.31.242,,gagal
27.50.31.243,,gagal
27.50.31.244,,gagal
27.50.31.245,,gagal
27.50.31.246,,gagal
27.50.31.247,,gagal
27.50.31.248,,gagal
27.50.31.249,,gagal
27.50.31.250,,gagal
27.50.31.251,,gagal
27.50.31.252,,gagal
27.50.31.253,,gagal
27.50.31.254,,gagal
27.50.31.255,,gagal
